id,f_name,l_name,gender,email,phone,mem_date,exp_date
1,Livvy,Kasbye,F,lkasbye0@alexa.com,5056946393,04/17/1993,11/17/2023
2,Lannie,Boulger,M,lboulger1@bloomberg.com,6679123441,02/18/2003,10/30/2028
3,Glenda,Dyott,F,gdyott2@uiuc.edu,5565072421,10/29/1982,12/30/2027
4,Lawton,Berget,M,lberget3@indiegogo.com,4755826152,06/28/1990,03/31/2024
5,Evyn,Prall,M,eprall4@imdb.com,5923482603,03/24/2011,10/28/2026
6,Marketa,Dunsire,F,mdunsire5@cdbaby.com,7745859166,03/19/2011,10/14/2026
7,Claudina,Whatmough,F,cwhatmough6@un.org,5205335184,11/22/1999,02/25/2026
8,Audre,Ovanesian,F,aovanesian7@boston.com,4742153132,04/01/1987,05/14/2028
9,Alon,Shiels,M,ashiels8@comcast.net,2692173748,09/12/2010,03/20/2024
10,Natty,Riccardelli,M,nriccardelli9@weather.com,1711121611,12/31/2007,12/11/2028
11,Burtie,Anney,M,banneya@squidoo.com,2865088118,02/14/2002,08/26/2024
12,Karoly,Titchen,M,ktitchenb@uiuc.edu,8053276204,01/23/1990,08/16/2028
13,Ferne,Mardall,F,fmardallc@oakley.com,1852981968,08/10/2000,01/02/2028
14,Bealle,Pinckstone,M,bpinckstoned@github.com,8368170630,06/08/1997,08/05/2024
15,Felita,Cristofaro,F,fcristofaroe@wikipedia.org,2566192769,11/22/2011,12/29/2027
16,Lucky,Vasyutichev,F,lvasyutichevf@ca.gov,1322023835,02/11/1975,10/17/2024
17,Lindsay,Este,M,lesteg@cocolog-nifty.com,4328062811,09/01/2004,09/18/2025
18,Philbert,O' Concannon,M,poconcannonh@guardian.co.uk,4572787225,10/11/2019,01/18/2026
19,Marty,Clohessy,M,mclohessyi@usatoday.com,5756260435,10/25/1978,09/18/2024
20,Dorothea,Boundley,F,dboundleyj@cam.ac.uk,1235732189,08/21/2022,08/18/2024
21,Devlen,Edgcombe,M,dedgcombek@ebay.co.uk,3093491835,06/25/2020,05/08/2028
22,Merle,Hatherleigh,F,mhatherleighl@linkedin.com,7185114719,05/18/1993,07/08/2025
23,Kip,Child,F,kchildm@github.io,5259254588,12/11/2003,01/19/2027
24,Tomi,Cruickshank,F,tcruickshankn@google.es,2012955093,07/25/1980,02/03/2025
25,Brewster,Hickenbottom,M,bhickenbottomo@feedburner.com,7472309444,05/21/1998,07/09/2024
26,Gretchen,Bearn,F,gbearnp@samsung.com,5472071740,02/26/2022,09/29/2027
27,Shea,Bordman,M,sbordmanq@uol.com.br,5615733793,08/13/1997,06/30/2028
28,Luciana,Immer,F,limmerr@statcounter.com,2022962588,10/30/1994,08/17/2027
29,Axel,Rundle,M,arundles@youtube.com,8935559305,03/02/1991,10/24/2026
30,Kennett,Kinker,M,kkinkert@canalblog.com,3908753201,10/13/1980,06/18/2027
31,Juieta,Avrashin,F,javrashinu@constantcontact.com,4042255312,11/16/2015,01/13/2027
32,Heida,Field,F,hfieldv@china.com.cn,1834429787,12/13/1995,04/24/2024
33,Keslie,Jimes,F,kjimesw@paypal.com,6812988703,05/09/1976,01/04/2024
34,Grange,Barclay,M,gbarclayx@wufoo.com,5024573339,12/17/1989,06/19/2028
35,Gris,Dullingham,M,gdullinghamy@barnesandnoble.com,8621483358,11/16/1986,06/18/2025
36,Gayel,Matusov,F,gmatusovz@4shared.com,6149746218,01/26/1998,11/29/2023
37,Worth,Trulock,M,wtrulock10@symantec.com,4903956889,09/20/1986,01/12/2024
38,Korney,Bunce,F,kbunce11@edublogs.org,3528520888,02/23/1981,11/23/2027
39,Dario,Hastelow,M,dhastelow12@canalblog.com,6686334435,03/19/1973,06/14/2026
40,Dannie,Eaves,F,deaves13@yale.edu,8491021416,11/12/2006,04/22/2024
41,Martina,McTerlagh,F,mmcterlagh14@bloomberg.com,8815227158,10/13/1977,10/25/2023
42,Roxane,Camplen,F,rcamplen15@skype.com,7147033072,04/03/1990,09/23/2027
43,Katlin,Bleeze,F,kbleeze16@washingtonpost.com,9998475819,01/08/2019,02/10/2025
44,Nefen,Clissold,M,nclissold17@ox.ac.uk,4278555256,09/01/1984,01/11/2027
45,Cobb,Cresser,M,ccresser18@mapy.cz,7421807344,01/12/1991,12/27/2023
46,Marris,Chessman,F,mchessman19@stanford.edu,7071850446,05/24/2020,11/18/2028
47,Marcelline,Sprasen,F,msprasen1a@tripod.com,5371800944,10/21/1994,10/24/2027
48,Caye,Halshaw,F,chalshaw1b@forbes.com,8783255644,04/08/1998,07/24/2027
49,Suzanne,Baldoni,F,sbaldoni1c@mashable.com,7852358397,07/11/2017,01/15/2026
50,D'arcy,Sherville,M,dsherville1d@is.gd,3903802360,04/20/1994,03/17/2025
51,Koren,Andreas,F,kandreas1e@gmpg.org,7387809729,02/09/2003,08/03/2024
52,Concordia,Dyott,F,cdyott1f@booking.com,1242777540,04/03/1993,06/30/2024
53,Brana,Ruffy,F,bruffy1g@stumbleupon.com,2268096776,03/29/1989,01/27/2024
54,Tabb,Carden,M,tcarden1h@google.com.au,5507230645,03/27/1995,03/03/2026
55,Connie,O'Heyne,M,coheyne1i@quantcast.com,8245600828,02/22/1978,05/11/2026
56,Elisabet,Lamden,F,elamden1j@seattletimes.com,5193014105,03/22/1980,12/01/2025
57,Thorstein,Brunsen,M,tbrunsen1k@jigsy.com,8163689105,09/01/2001,05/04/2025
58,Terrie,Castiglio,F,tcastiglio1l@themeforest.net,2123213427,04/25/1991,02/06/2027
59,Wallace,Iacopetti,M,wiacopetti1m@jiathis.com,1169048372,08/15/2017,11/07/2025
60,Marcelia,Neno,F,mneno1n@ifeng.com,9549191712,01/17/1995,01/22/2028
61,Addy,Wickling,F,awickling1o@google.it,4683785080,07/01/1981,12/12/2026
62,Neill,Craven,M,ncraven1p@phpbb.com,9957429300,07/18/1988,05/21/2026
63,Francisca,Lorkin,F,florkin1q@biglobe.ne.jp,9365418842,02/21/2010,01/15/2026
64,Weber,Fritche,M,wfritche1r@lycos.com,7208154952,12/05/2020,07/15/2026
65,Enrica,Renowden,F,erenowden1s@slate.com,7794928857,05/05/2012,12/16/2024
66,Orel,Huddle,F,ohuddle1t@jiathis.com,2794768876,05/23/2013,09/17/2025
67,Paulo,Togher,M,ptogher1u@indiegogo.com,2687438753,09/26/2012,06/26/2025
68,Lissa,Mawd,F,lmawd1v@shareasale.com,1104006632,08/04/1987,07/07/2024
69,Whitaker,Dishman,M,wdishman1w@illinois.edu,8008732317,02/07/1988,04/22/2025
70,Merline,MacPaden,F,mmacpaden1x@bigcartel.com,3875037971,04/13/1980,09/23/2024
71,Cointon,Bravington,M,cbravington1y@aboutads.info,7203353095,01/02/2007,06/04/2028
72,Susi,Matzaitis,F,smatzaitis1z@arstechnica.com,3991115712,06/29/1982,05/29/2028
73,Maura,Wedgbrow,F,mwedgbrow20@omniture.com,9607530141,06/28/2015,08/19/2027
74,Terrijo,Tours,F,ttours21@sohu.com,6028539789,06/15/1999,11/18/2023
75,Adler,Moorwood,M,amoorwood22@forbes.com,8375367456,09/19/2000,08/14/2025
76,Jackson,Sprade,M,jsprade23@deliciousdays.com,5883802295,05/31/1979,09/04/2026
77,Midge,Mont,F,mmont24@netvibes.com,3839003643,03/04/2020,05/07/2027
78,Willette,Carlino,F,wcarlino25@123-reg.co.uk,9873810580,02/02/1994,10/29/2024
79,Karola,Schuck,F,kschuck26@webnode.com,3561762575,12/06/1980,01/01/2024
80,Dru,Sharpus,M,dsharpus27@ameblo.jp,2518830224,11/19/1986,06/12/2025
81,Nettie,Scorer,F,nscorer28@forbes.com,5024172123,02/06/1994,11/14/2026
82,Willi,De la Zenne,F,wdelazenne29@rakuten.co.jp,9785649343,11/21/1981,03/03/2026
83,Vasilis,Enga,M,venga2a@ted.com,3623481757,07/09/1974,01/09/2026
84,Any,Sutter,M,asutter2b@istockphoto.com,5725472435,10/20/1978,08/27/2026
85,Adler,Churchard,M,achurchard2c@gnu.org,8267225190,02/12/2013,05/12/2025
86,Tommy,Woodfin,F,twoodfin2d@godaddy.com,2584346070,06/12/1995,01/03/2026
87,Bevin,Lundbech,M,blundbech2e@statcounter.com,4546482190,03/06/1988,12/07/2025
88,Athene,Skelhorn,F,askelhorn2f@japanpost.jp,7999358681,06/01/2000,12/31/2024
89,Margarita,Bath,F,mbath2g@ucoz.ru,4965649659,01/28/1977,12/30/2026
90,Karil,Sleicht,F,ksleicht2h@tuttocitta.it,2122632720,03/25/2007,01/16/2025
91,Lanie,Seint,M,lseint2i@nydailynews.com,4014156006,04/16/1979,01/12/2027
92,Alick,Folkes,M,afolkes2j@nationalgeographic.com,5452486084,07/08/2012,01/26/2025
93,Peggie,Sawday,F,psawday2k@photobucket.com,9729230657,02/22/2004,01/26/2027
94,Fabian,Millsap,M,fmillsap2l@fastcompany.com,1684304700,10/13/2022,02/09/2025
95,Lindsey,Kearsley,F,lkearsley2m@tripadvisor.com,9563189256,02/12/2022,11/20/2026
96,Farris,Nafzger,M,fnafzger2n@mtv.com,8278032309,08/21/1997,02/05/2025
97,Kristoffer,Carrick,M,kcarrick2o@answers.com,5545100894,10/21/2011,01/17/2027
98,Phyllis,Kaines,F,pkaines2p@multiply.com,4298182056,07/21/1975,06/08/2028
99,Kerk,Elsmere,M,kelsmere2q@mysql.com,8886131138,06/02/1995,12/17/2023
100,Audrey,Idenden,F,aidenden2r@ftc.gov,1339843945,11/23/1974,03/10/2025
101,Justin,Hasted,M,jhasted2s@wisc.edu,4224599542,07/27/1993,04/24/2026
102,Tamara,Kingsman,F,tkingsman2t@altervista.org,4741701350,04/19/1995,01/18/2025
103,Glenden,Celier,M,gcelier2u@wordpress.org,9237064065,01/05/2016,05/24/2027
104,Ivory,Clout,F,iclout2v@seesaa.net,3751658281,03/09/1993,07/01/2025
105,Charles,Flaws,M,cflaws2w@cam.ac.uk,4244050755,08/14/2017,04/19/2024
106,Zacherie,Maruszewski,M,zmaruszewski2x@sphinn.com,7109772525,01/14/2015,11/10/2025
107,Beltran,Rulton,M,brulton2y@sciencedirect.com,5947477307,06/22/1988,12/27/2024
108,Rik,Derrett,M,rderrett2z@latimes.com,9326616533,10/20/1981,08/11/2024
109,Doria,Dobey,F,ddobey30@wix.com,1307853364,08/08/1986,12/10/2025
110,Donelle,Menichelli,F,dmenichelli31@last.fm,7555337288,09/17/1986,01/02/2024
111,Wesley,Segrott,M,wsegrott32@canalblog.com,5216898510,04/17/1996,09/07/2027
112,Hally,Hrinchishin,F,hhrinchishin33@addthis.com,8285928304,01/25/2010,12/19/2024
113,Netti,Steptowe,F,nsteptowe34@wiley.com,9144426156,07/24/2012,02/06/2024
114,Ebeneser,Staggs,M,estaggs35@house.gov,4969209374,04/09/1986,08/26/2028
115,Louie,Turneux,M,lturneux36@bravesites.com,3654335720,10/22/1988,07/18/2025
116,Allissa,Cowsby,F,acowsby37@sohu.com,3927452615,05/18/1994,07/07/2025
117,Ax,Guilloneau,M,aguilloneau38@discovery.com,8046165400,06/19/2023,01/20/2027
118,Myron,Samms,M,msamms39@aboutads.info,4424420303,09/25/1985,02/12/2026
119,Bettina,Halfacree,F,bhalfacree3a@de.vu,8896518381,07/25/2022,11/22/2025
120,Rustin,Pollack,M,rpollack3b@patch.com,8678228311,01/12/1989,07/21/2025
121,Cornall,Coslitt,M,ccoslitt3c@howstuffworks.com,1919130819,05/23/2022,01/31/2025
122,Hervey,McComish,M,hmccomish3d@whitehouse.gov,9477815627,01/04/1977,07/30/2024
123,Sarine,Bail,F,sbail3e@bing.com,8663336360,10/02/2016,03/28/2024
124,Katerina,Simnel,F,ksimnel3f@google.de,3068247247,03/27/2003,09/24/2024
125,Esdras,Whisby,M,ewhisby3g@artisteer.com,1021733125,10/07/2013,08/23/2026
126,Rufus,Kemwall,M,rkemwall3h@shinystat.com,5088089711,09/14/2022,03/02/2025
127,Wiley,Darter,M,wdarter3i@cbslocal.com,1962720663,06/14/1976,07/25/2024
128,Drud,Blatcher,M,dblatcher3j@printfriendly.com,4028454404,12/15/2019,02/24/2028
129,Vidovic,Suatt,M,vsuatt3k@storify.com,4825006541,07/28/1976,09/06/2027
130,Holly,Garza,F,hgarza3l@china.com.cn,1596121912,12/11/1974,03/15/2026
131,Culley,Daulton,M,cdaulton3m@nbcnews.com,2873716206,03/27/1988,01/18/2028
132,Henryetta,Deares,F,hdeares3n@netvibes.com,9098100872,10/16/1975,02/08/2028
133,Leda,Vaud,F,lvaud3o@ifeng.com,3675085150,07/16/1975,07/19/2025
134,Rey,Stelli,M,rstelli3p@weibo.com,7354838392,02/19/2016,12/27/2026
135,Hilliard,Willard,M,hwillard3q@surveymonkey.com,7856895549,09/15/2002,09/24/2027
136,Vinnie,Monaghan,F,vmonaghan3r@hhs.gov,6759192861,06/20/2003,10/27/2027
137,Humphrey,Bonnier,M,hbonnier3s@chron.com,1188844054,02/25/2007,07/11/2027
138,Marmaduke,Adshed,M,madshed3t@sina.com.cn,9657158074,02/14/1976,10/25/2026
139,Hubey,Huot,M,hhuot3u@amazon.de,1567699941,05/17/1999,07/24/2024
140,Wilt,Shropshire,M,wshropshire3v@1688.com,7067763694,10/06/2006,03/29/2026
141,Delmore,Odney,M,dodney3w@jigsy.com,6006641353,09/12/1974,10/03/2025
142,Breanne,McQuirk,F,bmcquirk3x@dion.ne.jp,9574245404,04/05/2008,11/15/2025
143,Oates,Malamore,M,omalamore3y@umn.edu,2045872934,10/24/2002,10/21/2023
144,Jeramie,Candlin,M,jcandlin3z@livejournal.com,8926007751,07/05/1989,03/14/2025
145,Moyna,Raddon,F,mraddon40@amazon.co.uk,2305393262,11/29/2006,06/06/2028
146,Ado,Adie,M,aadie41@4shared.com,3412005885,05/18/2003,09/17/2024
147,Gabriela,Scarrisbrick,F,gscarrisbrick42@rakuten.co.jp,2241475713,10/26/1986,04/21/2024
148,Eadith,Antoons,F,eantoons43@cbsnews.com,1824916931,06/28/1997,01/18/2025
149,Hali,Carrel,F,hcarrel44@tripadvisor.com,5702138207,04/09/2008,03/12/2027
150,Chicky,Manoch,F,cmanoch45@scientificamerican.com,4461455806,06/02/1986,04/25/2025
151,Ula,Phizacklea,F,uphizacklea46@163.com,4163941127,07/24/2018,05/21/2028
152,Edouard,Vlasov,M,evlasov47@360.cn,9307032390,04/11/1973,03/22/2026
153,Dee,Beretta,F,dberetta48@ezinearticles.com,2826174527,10/21/1980,11/30/2023
154,Isis,Schurig,F,ischurig49@cbslocal.com,4161954818,04/16/2008,06/20/2028
155,Arnold,Soden,M,asoden4a@drupal.org,9596659627,04/08/2012,04/24/2025
156,Padgett,Wyett,M,pwyett4b@slate.com,6361593736,01/11/2016,12/13/2026
157,Andros,Glaserman,M,aglaserman4c@g.co,3973603026,12/25/1983,10/19/2023
158,Alvie,Gowanlock,M,agowanlock4d@ucoz.ru,2276559472,03/07/1986,07/02/2025
159,Ebonee,Grose,F,egrose4e@shutterfly.com,2188646411,09/21/1984,09/18/2024
160,Isiahi,Sim,M,isim4f@adobe.com,3237307970,05/23/1983,10/17/2023
161,Genna,Brockelsby,F,gbrockelsby4g@hugedomains.com,1925063528,08/06/2009,07/07/2026
162,Drucill,Mathivat,F,dmathivat4h@scribd.com,8554990592,06/30/2019,11/11/2028
163,Fraser,Stebles,M,fstebles4i@bandcamp.com,5283089667,11/19/1984,04/11/2026
164,Virgina,Sambiedge,F,vsambiedge4j@trellian.com,8695445941,10/14/1992,08/19/2028
165,Herta,Liley,F,hliley4k@princeton.edu,9118872218,08/21/1993,02/03/2026
166,Allistir,Radbone,M,aradbone4l@list-manage.com,8368335517,03/21/1978,01/25/2025
167,Molli,Westmorland,F,mwestmorland4m@accuweather.com,9688614430,03/02/1990,01/05/2028
168,Aleksandr,Evamy,M,aevamy4n@godaddy.com,8168900460,10/24/2007,11/18/2025
169,Andrey,Milsom,M,amilsom4o@redcross.org,9489453710,10/18/1988,10/08/2028
170,Luci,Ligoe,F,lligoe4p@shop-pro.jp,5575390779,03/20/2001,04/12/2025
171,Eula,Illsley,F,eillsley4q@elpais.com,5749577241,03/11/1984,06/27/2026
172,Ellsworth,Grigg,M,egrigg4r@blinklist.com,6792613294,12/22/1976,05/17/2024
173,Farrah,Loan,F,floan4s@uol.com.br,3025885802,09/17/1988,07/17/2028
174,Ossie,Claus,M,oclaus4t@thetimes.co.uk,2977024134,11/01/1977,12/20/2023
175,Iggy,Gummie,M,igummie4u@guardian.co.uk,1439829303,11/30/1982,09/12/2028
176,Mirabelle,Edleston,F,medleston4v@hc360.com,8082520572,08/06/2007,12/05/2026
177,Dimitry,Lotherington,M,dlotherington4w@deviantart.com,5393066185,01/10/1976,09/18/2025
178,Julissa,Ridehalgh,F,jridehalgh4x@cnbc.com,8443323208,02/11/1979,11/04/2023
179,Germana,Sinclar,F,gsinclar4y@stanford.edu,9015148061,06/20/1973,01/26/2024
180,Caty,Murdy,F,cmurdy4z@wikia.com,1465662767,11/05/2008,11/15/2024
181,Monti,Fosken,M,mfosken50@pcworld.com,9028175310,08/04/2005,12/29/2023
182,Constanta,Reinisch,F,creinisch51@ning.com,3732665600,11/04/1977,03/26/2024
183,Martyn,Mossom,M,mmossom52@dyndns.org,1334867971,06/02/2016,11/14/2026
184,Lamond,Peagrim,M,lpeagrim53@wordpress.org,6605409895,02/26/2022,11/11/2027
185,Karole,Coggell,F,kcoggell54@slate.com,5415253609,04/12/1994,08/29/2028
186,Carin,Janowski,F,cjanowski55@woothemes.com,4892679849,10/20/1990,02/19/2027
187,Bryn,Bendtsen,M,bbendtsen56@youtube.com,3268310845,08/05/1978,09/14/2027
188,Ripley,Bettles,M,rbettles57@blogspot.com,2667118063,08/03/1988,01/12/2026
189,Selma,Stait,F,sstait58@imdb.com,6848109210,04/06/2017,04/26/2026
190,Lynne,Wegner,F,lwegner59@ca.gov,6298435985,06/04/1996,07/20/2028
191,Marji,Blaxeland,F,mblaxeland5a@nasa.gov,8195939191,11/07/1975,07/16/2026
192,Giuseppe,Woolford,M,gwoolford5b@prnewswire.com,2513779883,08/02/1984,10/09/2025
193,Terese,Laible,F,tlaible5c@uol.com.br,6244927282,06/09/2010,12/08/2027
194,Ranna,Delieu,F,rdelieu5d@google.com.br,8475961321,03/21/1997,03/12/2027
195,Ellis,Enticknap,M,eenticknap5e@mtv.com,7521339879,08/31/1995,04/07/2025
196,Dewitt,Grimmett,M,dgrimmett5f@zimbio.com,3938713950,04/05/2005,11/25/2027
197,Annnora,Patrick,F,apatrick5g@gnu.org,1447571293,07/14/1974,05/22/2028
198,Fonzie,Worwood,M,fworwood5h@hibu.com,7117694434,03/16/1979,10/02/2023
199,Pavel,Jeschner,M,pjeschner5i@apple.com,9521914523,09/16/1996,01/26/2025
200,Catlin,Gilbert,F,cgilbert5j@rediff.com,5434676659,03/30/1977,06/06/2027
201,Terry,Cowderay,M,tcowderay5k@npr.org,5518485889,10/19/2022,08/29/2026
202,Zacherie,Blinerman,M,zblinerman5l@miitbeian.gov.cn,3022542163,03/02/2002,02/08/2027
203,Douglas,Fairbrace,M,dfairbrace5m@pcworld.com,4535725677,11/15/2016,10/20/2026
204,Melodee,Walbridge,F,mwalbridge5n@usa.gov,5723816596,02/22/2017,12/08/2028
205,Daffie,Cazereau,F,dcazereau5o@webnode.com,7477034506,12/28/2005,09/24/2025
206,Batholomew,Harper,M,bharper5p@amazonaws.com,6418674699,04/26/1985,01/26/2025
207,Coralie,Golling,F,cgolling5q@wired.com,9645946403,07/02/2008,01/31/2025
208,Victor,Boreland,M,vboreland5r@blogger.com,3178999053,01/05/1973,04/18/2027
209,Winnifred,McCay,F,wmccay5s@huffingtonpost.com,2584483376,08/20/1980,04/23/2024
210,Nikola,Boice,M,nboice5t@nytimes.com,6332840291,06/07/1988,03/22/2025
211,Zachary,Mikalski,M,zmikalski5u@oracle.com,9444976028,12/12/2001,06/14/2025
212,Chelsie,Strudwick,F,cstrudwick5v@rakuten.co.jp,9803617707,12/13/2006,08/08/2024
213,Sada,Laurisch,F,slaurisch5w@i2i.jp,8911100374,12/16/2012,09/08/2025
214,Theresa,Bonnavant,F,tbonnavant5x@quantcast.com,9133892237,11/19/1995,03/18/2024
215,Dermot,Cannon,M,dcannon5y@google.fr,9565128903,12/25/1997,02/18/2026
216,Genovera,Piet,F,gpiet5z@opera.com,3938631871,03/18/1985,03/09/2024
217,Tyne,Dengel,F,tdengel60@dell.com,6782860616,07/26/2021,06/14/2026
218,Sondra,Tollit,F,stollit61@nps.gov,3908879115,12/29/1999,12/05/2027
219,Rufus,Cirlos,M,rcirlos62@home.pl,4027621233,09/30/2002,04/30/2026
220,Jacinda,Lilford,F,jlilford63@eepurl.com,1839979950,10/01/2004,08/19/2028
221,Alverta,Androletti,F,aandroletti64@mlb.com,2475775665,11/22/2006,01/15/2025
222,Mercedes,Bertram,F,mbertram65@europa.eu,2353108655,08/27/2018,03/28/2028
223,Fitz,Elphinstone,M,felphinstone66@istockphoto.com,3399372814,03/22/1995,12/16/2024
224,Rance,Bendig,M,rbendig67@qq.com,4233413365,03/28/1987,05/26/2028
225,Damien,Smolan,M,dsmolan68@statcounter.com,5011842784,02/22/2016,10/01/2027
226,Isis,Musla,F,imusla69@google.ca,3933154268,11/25/1984,03/28/2027
227,Jonathan,Atwel,M,jatwel6a@g.co,8197826947,12/06/1973,11/27/2027
228,Glenden,Holston,M,gholston6b@biglobe.ne.jp,7424382611,12/25/1977,05/21/2027
229,Iosep,Maxwaile,M,imaxwaile6c@mozilla.com,9557030422,05/26/2015,06/03/2027
230,Birch,McGown,M,bmcgown6d@rakuten.co.jp,8828306946,05/31/2010,10/21/2023
231,Lucius,Ingolotti,M,lingolotti6e@tinypic.com,6535236866,11/24/1981,12/18/2027
232,Andrea,Cowton,F,acowton6f@w3.org,9789525895,04/24/1987,02/12/2027
233,Ketti,Borrill,F,kborrill6g@psu.edu,6067920651,06/20/2015,09/23/2025
234,Munroe,Frizell,M,mfrizell6h@ifeng.com,2743927058,03/12/2014,12/25/2024
235,Trev,Works,M,tworks6i@nps.gov,9726710667,01/15/1986,12/18/2024
236,Karna,Bridewell,F,kbridewell6j@biglobe.ne.jp,1262411029,07/22/1989,01/07/2027
237,Aubrey,Medford,F,amedford6k@mapquest.com,5785201771,01/04/1987,11/04/2028
238,Vite,Forty,M,vforty6l@bandcamp.com,7191452523,06/04/1993,06/30/2026
239,Arnie,Chevers,M,achevers6m@xrea.com,8681455166,11/14/1994,10/01/2026
240,Elsinore,Havoc,F,ehavoc6n@marketwatch.com,3765759694,06/19/2013,01/25/2027
241,Gabriello,Dronsfield,M,gdronsfield6o@independent.co.uk,5394514583,09/08/2004,04/11/2025
242,Jacklyn,Raye,F,jraye6p@cornell.edu,3999503012,03/11/1985,12/22/2025
243,Bryana,Snowling,F,bsnowling6q@github.io,4866115558,01/28/2001,03/13/2024
244,Shirley,Northley,F,snorthley6r@123-reg.co.uk,3605093456,07/23/1991,10/30/2026
245,Ernie,Kimmel,M,ekimmel6s@nasa.gov,5006173059,08/16/1991,08/27/2025
246,Page,Schutter,F,pschutter6t@github.com,3366129780,04/21/2012,12/17/2026
247,Issi,Dubbin,F,idubbin6u@nps.gov,3467629500,02/07/1978,10/03/2027
248,Jehu,Ocklin,M,jocklin6v@mac.com,3493775081,06/17/1999,04/08/2024
249,Aldous,Stoade,M,astoade6w@cyberchimps.com,8662090762,02/02/1996,07/18/2026
250,Jarvis,Barhem,M,jbarhem6x@sfgate.com,8302982199,04/09/2018,04/13/2025
251,Kesley,Skey,F,kskey6y@sina.com.cn,1814728305,01/24/1978,09/15/2024
252,Cornell,Leggen,M,cleggen6z@elegantthemes.com,8735081628,08/02/1994,06/02/2024
253,Deana,Bartleman,F,dbartleman70@ox.ac.uk,3072794698,11/12/2005,04/08/2025
254,Andrew,Woolfoot,M,awoolfoot71@examiner.com,5211182333,06/14/1989,01/16/2028
255,Levy,Pettifer,M,lpettifer72@bluehost.com,2254602617,08/14/1985,10/27/2023
256,Wenona,Kemmish,F,wkemmish73@quantcast.com,1201848803,08/25/2010,01/22/2028
257,Petunia,Souster,F,psouster74@prlog.org,4061709480,01/13/2006,08/27/2028
258,Theodore,Sutherland,M,tsutherland75@wp.com,7133699935,05/29/2022,10/15/2027
259,Kynthia,Portugal,F,kportugal76@alibaba.com,3897986176,05/01/1982,09/30/2027
260,Curtis,Moyer,M,cmoyer77@disqus.com,4492606047,11/19/2014,12/10/2025
261,Derril,Woollhead,M,dwoollhead78@discuz.net,9839386369,12/15/2000,10/29/2026
262,Meridel,Jossum,F,mjossum79@timesonline.co.uk,4239870172,11/27/2013,09/26/2027
263,Kendal,Duffitt,M,kduffitt7a@newyorker.com,8456345540,06/24/2023,08/22/2028
264,Melony,Bubb,F,mbubb7b@cam.ac.uk,3664041988,05/20/1987,11/07/2027
265,Laurice,Mein,F,lmein7c@lycos.com,6368466983,07/15/1990,10/13/2024
266,Janifer,Jahncke,F,jjahncke7d@aboutads.info,4626062558,07/14/1985,08/28/2024
267,Filmer,Mozzini,M,fmozzini7e@printfriendly.com,9991638642,04/11/1997,07/14/2027
268,Georgianna,Howerd,F,ghowerd7f@digg.com,8017641304,07/21/1975,10/16/2026
269,Rudolfo,Drage,M,rdrage7g@goo.ne.jp,3376566819,04/05/1980,02/03/2028
270,Gustavus,Woodfin,M,gwoodfin7h@macromedia.com,5297880261,11/09/2008,10/02/2026
271,Stanislaw,Heaton,M,sheaton7i@gizmodo.com,9244629544,02/24/1978,10/05/2023
272,Selina,Durnford,F,sdurnford7j@icq.com,2767089936,04/08/2009,11/23/2028
273,Anett,Malthouse,F,amalthouse7k@rambler.ru,2256613190,05/02/1992,06/09/2024
274,Derward,Paris,M,dparis7l@telegraph.co.uk,3218028810,09/09/1999,06/27/2024
275,Elvyn,Flood,M,eflood7m@weebly.com,8614311451,10/15/2005,10/29/2028
276,Hanson,Kindred,M,hkindred7n@prlog.org,3241940467,10/10/2002,05/01/2025
277,Barri,Dand,M,bdand7o@ftc.gov,5661970283,09/07/1990,04/22/2028
278,Siffre,Demelt,M,sdemelt7p@friendfeed.com,1791247634,02/18/2013,10/27/2026
279,Maxwell,Parham,M,mparham7q@google.es,3266249864,05/26/1974,12/04/2023
280,Kati,Gohier,F,kgohier7r@homestead.com,2096210036,12/03/2002,06/13/2026
281,Alejandrina,Maudett,F,amaudett7s@lycos.com,3169331945,12/28/1986,02/08/2027
282,Bone,Abys,M,babys7t@weebly.com,7086978451,12/13/1986,12/15/2026
283,Felizio,Bramer,M,fbramer7u@ebay.com,6918502260,06/25/1976,04/29/2025
284,Coleman,Stallworthy,M,cstallworthy7v@opensource.org,4939985000,09/11/2013,09/01/2024
285,Beauregard,Durning,M,bdurning7w@cmu.edu,7372464787,01/14/1975,01/13/2025
286,Huntley,Dougan,M,hdougan7x@xinhuanet.com,8424706102,05/01/1989,03/15/2028
287,Kelli,Flindall,F,kflindall7y@businessweek.com,2111894862,05/17/2009,09/30/2027
288,Nicolas,Tilly,M,ntilly7z@google.pl,2147908057,10/03/2011,12/25/2027
289,Cal,Ashbee,F,cashbee80@census.gov,7244586874,01/23/2014,09/26/2025
290,Irwinn,Stearn,M,istearn81@alibaba.com,8027048965,04/04/1989,06/09/2025
291,Leisha,Hancke,F,lhancke82@hexun.com,7688653797,04/29/2018,05/16/2027
292,Haley,Campbell-Dunlop,M,hcampbelldunlop83@amazon.co.jp,8489531149,06/10/1991,08/28/2025
293,Verna,Goaks,F,vgoaks84@vkontakte.ru,4168240759,12/18/1984,04/07/2028
294,Damian,Balharrie,M,dbalharrie85@soup.io,5519931966,01/18/1996,04/16/2028
295,Carlin,Ambresin,M,cambresin86@answers.com,1507529668,04/30/1982,07/04/2024
296,Cthrine,Gokes,F,cgokes87@foxnews.com,6286328257,05/02/2018,07/14/2024
297,Lishe,Northleigh,F,lnorthleigh88@ihg.com,5038355939,01/30/1980,04/20/2024
298,Vivian,Sharpe,F,vsharpe89@yandex.ru,4663403333,03/29/2016,11/23/2025
299,Farly,Blacker,M,fblacker8a@mayoclinic.com,1133504010,11/14/1999,03/04/2028
300,Nicolea,Abrahamian,F,nabrahamian8b@soup.io,9153460438,02/09/1982,08/26/2025
301,Graehme,Burleton,M,gburleton8c@tripadvisor.com,2686989831,03/18/2005,05/23/2028
302,Orella,Scini,F,oscini8d@icq.com,6003204949,07/25/2016,05/25/2025
303,Berthe,Craythorne,F,bcraythorne8e@ask.com,2808604745,09/12/2003,06/30/2028
304,Cully,Napton,M,cnapton8f@who.int,9869600988,04/15/2005,05/13/2025
305,Deana,Worcs,F,dworcs8g@youtu.be,3581060554,01/07/1990,10/06/2027
306,Tedman,Sprouls,M,tsprouls8h@wired.com,4982389981,02/27/2016,12/10/2027
307,Galvan,Hamper,M,ghamper8i@nature.com,1041602759,01/30/2015,12/02/2027
308,Vinny,Gibson,F,vgibson8j@ox.ac.uk,9257676999,03/07/1977,12/16/2025
309,Hildagard,Swanborrow,F,hswanborrow8k@usatoday.com,6681049672,07/09/1994,01/25/2026
310,Rustin,Aaronsohn,M,raaronsohn8l@tmall.com,8636600806,11/16/1988,01/11/2028
311,Nickola,Housecroft,M,nhousecroft8m@examiner.com,4138620739,08/29/1989,10/09/2028
312,Stefan,Gallegos,M,sgallegos8n@rediff.com,3407978333,10/08/1998,10/15/2023
313,Yetta,Daveridge,F,ydaveridge8o@dailymotion.com,8744019626,10/02/2022,02/15/2027
314,Marnie,Cottel,F,mcottel8p@usa.gov,2053858873,08/19/2021,12/06/2028
315,Aggie,Ionesco,F,aionesco8q@comsenz.com,9712081471,04/30/2011,08/22/2028
316,Demott,Vedyashkin,M,dvedyashkin8r@latimes.com,2345089250,02/16/2014,04/08/2027
317,Abraham,Stuck,M,astuck8s@tinyurl.com,4432925441,03/04/2018,04/22/2026
318,Hyacintha,Lanmeid,F,hlanmeid8t@pbs.org,9779130596,09/04/1991,03/18/2028
319,Bernardina,Choppin,F,bchoppin8u@google.pl,3888908310,03/01/2021,05/04/2028
320,Alec,Morffew,M,amorffew8v@photobucket.com,4412877870,06/24/2017,09/04/2028
321,Elke,Durnin,F,edurnin8w@wordpress.com,2385940794,05/11/2007,10/17/2025
322,Vachel,Thumann,M,vthumann8x@elegantthemes.com,4947598951,03/05/1994,09/28/2024
323,Huntley,Spilstead,M,hspilstead8y@multiply.com,9301330337,11/13/2022,07/17/2028
324,Benita,Hearmon,F,bhearmon8z@dyndns.org,7255105067,10/29/2013,02/28/2028
325,Charity,Kordova,F,ckordova90@java.com,7823788788,10/06/2003,11/01/2025
326,Deck,Laden,M,dladen91@acquirethisname.com,5761486056,06/26/2003,05/28/2025
327,Peta,Minghetti,F,pminghetti92@themeforest.net,2743559931,04/20/2007,11/01/2028
328,Field,Farnsworth,M,ffarnsworth93@geocities.com,4746251481,06/11/2009,08/09/2024
329,Ephrem,Neale,M,eneale94@foxnews.com,6491028173,01/22/2018,02/08/2024
330,Marcia,Petschel,F,mpetschel95@ebay.co.uk,9435524488,07/26/1989,02/07/2028
331,Joyann,Corston,F,jcorston96@lycos.com,6887942272,10/11/1990,03/27/2026
332,Granthem,Callery,M,gcallery97@woothemes.com,2972828078,08/16/2022,09/23/2027
333,Lorna,Dagnan,F,ldagnan98@fotki.com,8797318140,04/13/2008,10/17/2024
334,Jack,Botha,M,jbotha99@mysql.com,3262797147,10/20/2011,11/12/2026
335,Iseabal,Oliveto,F,ioliveto9a@example.com,6921633455,08/13/2019,03/25/2028
336,Teddy,Salzberger,F,tsalzberger9b@issuu.com,2316615273,09/28/2001,07/08/2024
337,Thorin,Gittings,M,tgittings9c@bbc.co.uk,4342063881,07/10/1985,10/20/2024
338,Nevins,Freeborne,M,nfreeborne9d@wufoo.com,4559832120,05/12/2014,11/18/2027
339,Heida,Twiname,F,htwiname9e@chronoengine.com,8457691911,11/30/1992,11/07/2028
340,Felicle,Surcomb,F,fsurcomb9f@paypal.com,3732916706,04/08/1989,11/13/2026
341,Gabbey,Fyall,F,gfyall9g@scribd.com,9028039158,04/07/1974,03/08/2026
342,Isaac,Essberger,M,iessberger9h@google.nl,3629186838,04/30/2004,11/05/2024
343,Hubie,Scopham,M,hscopham9i@rakuten.co.jp,8434153409,07/08/1978,11/14/2026
344,Griffie,Affuso,M,gaffuso9j@smugmug.com,6582770615,07/15/1983,10/14/2025
345,Roxana,Gaythwaite,F,rgaythwaite9k@vk.com,1539755501,02/04/2018,10/08/2028
346,Cletis,Mathivat,M,cmathivat9l@umn.edu,8583907907,05/07/2000,12/11/2026
347,Meier,Filpo,M,mfilpo9m@purevolume.com,3039198576,02/27/1983,01/25/2025
348,Linell,Papaminas,F,lpapaminas9n@discovery.com,7976648949,06/05/2008,09/11/2027
349,Elizabet,Pykerman,F,epykerman9o@nba.com,8182539562,08/05/2013,06/06/2027
350,Elvera,Kennler,F,ekennler9p@fda.gov,9534706929,05/02/1978,07/28/2024
351,Jackie,Firbank,F,jfirbank9q@storify.com,4589266639,06/26/2016,05/21/2026
352,Neale,Emanulsson,M,nemanulsson9r@theglobeandmail.com,4837889234,04/13/2014,08/20/2025
353,Piggy,Domanek,M,pdomanek9s@chron.com,6128270759,10/29/2010,05/23/2027
354,Natasha,Pirouet,F,npirouet9t@t-online.de,3455716110,02/21/1988,07/03/2025
355,Pen,Postles,F,ppostles9u@bbb.org,8454864884,03/21/1977,03/05/2027
356,Frederigo,Overland,M,foverland9v@arstechnica.com,7939595722,12/23/1993,03/28/2026
357,Hoebart,Linklater,M,hlinklater9w@smh.com.au,1631379452,03/25/2009,01/01/2028
358,Donnajean,Crummey,F,dcrummey9x@illinois.edu,2881120952,05/11/1983,03/05/2026
359,Reginauld,Bach,M,rbach9y@blinklist.com,4192617348,07/29/2012,05/31/2025
360,Dixie,Boome,F,dboome9z@t-online.de,3151296405,08/31/2013,11/03/2024
361,Renell,Musicka,F,rmusickaa0@imdb.com,3707082506,10/17/1979,03/29/2027
362,Ebony,Rockhill,F,erockhilla1@google.com.br,9666851766,03/16/2013,01/08/2028
363,Fern,Agass,F,fagassa2@phoca.cz,9874729990,05/03/2019,06/12/2025
364,Yuma,Marrill,M,ymarrilla3@storify.com,9194817840,01/04/2016,11/03/2027
365,Lina,Leafe,F,lleafea4@ifeng.com,3278957996,09/06/1995,06/19/2027
366,Benedict,Kilrow,M,bkilrowa5@adobe.com,2784768714,06/24/2022,06/20/2026
367,Elia,Lockier,M,elockiera6@stumbleupon.com,3608763062,07/09/2007,08/23/2026
368,Ettore,Inott,M,einotta7@archive.org,5147198210,05/01/2009,12/07/2024
369,Aliza,Warnes,F,awarnesa8@cafepress.com,3041043514,11/29/1983,06/14/2026
370,Sukey,Swainston,F,sswainstona9@twitpic.com,4428933576,12/11/1983,03/15/2024
371,Radcliffe,Haker,M,rhakeraa@smh.com.au,6628681242,05/29/1989,03/17/2026
372,Jeri,Margaritelli,F,jmargaritelliab@examiner.com,6144355947,02/11/1984,06/01/2024
373,Clarissa,Haacker,F,chaackerac@state.tx.us,9274693437,11/19/2003,12/04/2026
374,Hannie,Kynaston,F,hkynastonad@deliciousdays.com,4881591178,08/03/2008,11/15/2023
375,Kalina,Beetlestone,F,kbeetlestoneae@home.pl,3937254081,11/03/2002,10/22/2024
376,Ginger,Kildea,M,gkildeaaf@pen.io,4491134799,10/06/2010,05/22/2025
377,Agata,Erskine,F,aerskineag@java.com,6119768694,07/04/2005,10/20/2026
378,Simmonds,Grimes,M,sgrimesah@oaic.gov.au,2379680158,11/07/2020,05/03/2024
379,Ursula,Bearman,F,ubearmanai@noaa.gov,4725495476,01/13/1975,01/23/2026
380,Codi,Carrodus,F,ccarrodusaj@smh.com.au,9874762962,07/21/1976,02/03/2026
381,Merry,Dorkens,M,mdorkensak@wunderground.com,8583541620,05/28/1979,08/31/2025
382,Redd,Longmuir,M,rlongmuiral@nymag.com,7187711312,01/25/1997,10/08/2026
383,Kingston,Caven,M,kcavenam@netscape.com,2641635157,10/31/2003,09/09/2024
384,Gracie,Veysey,F,gveyseyan@theguardian.com,1495767089,07/10/2010,09/02/2024
385,Dore,Membry,M,dmembryao@wikipedia.org,4868926884,09/18/1991,10/07/2026
386,Rudolf,Moultrie,M,rmoultrieap@tripadvisor.com,1426089827,12/09/2003,02/21/2024
387,Berty,Legonidec,M,blegonidecaq@indiegogo.com,3461893677,05/12/2000,12/09/2024
388,Kara,Gamon,F,kgamonar@tumblr.com,5815285671,04/05/1987,09/21/2025
389,Boris,Entres,M,bentresas@instagram.com,8953228874,05/15/2006,07/28/2024
390,Hymie,Lockitt,M,hlockittat@lycos.com,8167483405,04/16/2000,01/16/2026
391,Scarface,McGinley,M,smcginleyau@samsung.com,6929163599,07/16/1987,04/30/2026
392,Carce,Jubert,M,cjubertav@mtv.com,6281881130,11/12/1985,03/31/2026
393,Stuart,Tyhurst,M,styhurstaw@liveinternet.ru,5964889555,03/07/2011,02/13/2026
394,Carly,Mattea,M,cmatteaax@youku.com,8084465680,03/29/2016,04/17/2024
395,Ameline,Heis,F,aheisay@oakley.com,2322914557,07/09/1977,11/09/2027
396,Waneta,McEntee,F,wmcenteeaz@theguardian.com,5374574525,06/21/2022,09/22/2026
397,Levey,McLafferty,M,lmclaffertyb0@shinystat.com,7593803507,12/29/2000,06/23/2025
398,Ezequiel,Papez,M,epapezb1@pinterest.com,1199288607,06/27/1993,07/22/2024
399,Lennie,Iacofo,M,liacofob2@squidoo.com,7607296057,07/16/1999,08/25/2024
400,Nicolette,Maulden,F,nmauldenb3@360.cn,3566961435,09/29/1984,07/06/2028
401,Ludovico,Gilliam,M,lgilliamb4@yandex.ru,4942875228,10/18/1990,03/12/2024
402,Keir,Evelyn,M,kevelynb5@oracle.com,5817301260,10/31/2017,12/21/2023
403,Noel,Everal,F,neveralb6@exblog.jp,8687608002,09/27/2003,12/04/2023
404,Ricki,Tapsfield,M,rtapsfieldb7@biblegateway.com,1463701451,10/17/1980,10/27/2027
405,Winna,Aloshikin,F,waloshikinb8@studiopress.com,4077343556,01/02/1976,02/02/2025
406,Reese,Sandland,M,rsandlandb9@woothemes.com,2033842314,10/19/2000,10/15/2028
407,Marlin,Erdely,M,merdelyba@telegraph.co.uk,2698039971,12/12/1992,11/10/2025
408,Wallas,Haskell,M,whaskellbb@bandcamp.com,6955176447,11/10/1992,09/23/2026
409,Bill,Playdon,M,bplaydonbc@chron.com,6065191566,02/02/2015,12/02/2028
410,Layla,Skyme,F,lskymebd@zdnet.com,6971466015,02/24/1999,05/06/2028
411,Brinna,Apperley,F,bapperleybe@vimeo.com,6912600696,08/10/1978,01/09/2027
412,Bondon,Daouze,M,bdaouzebf@springer.com,9749249600,04/09/2012,05/27/2025
413,Ettore,Erbe,M,eerbebg@canalblog.com,1637670226,01/05/2023,06/16/2026
414,Gayle,Tootin,F,gtootinbh@stanford.edu,2135242759,02/22/1987,06/03/2025
415,Pepito,Rounds,M,proundsbi@deliciousdays.com,1278809286,04/02/1995,05/23/2025
416,Drake,Holttom,M,dholttombj@qq.com,3688144742,04/02/1983,06/10/2026
417,Iosep,Colleymore,M,icolleymorebk@cafepress.com,8032638629,12/07/2004,04/30/2024
418,Ranice,Ashment,F,rashmentbl@sphinn.com,9736380365,11/01/1998,10/29/2024
419,Virginia,Hukin,F,vhukinbm@t-online.de,2533972787,09/12/1980,02/25/2028
420,Gavrielle,Marshallsay,F,gmarshallsaybn@economist.com,2557166989,03/16/1981,09/18/2024
421,Preston,Perfect,M,pperfectbo@icio.us,9384222015,12/17/1978,07/19/2025
422,Mitzi,McCarney,F,mmccarneybp@jugem.jp,6336084600,08/15/1992,09/25/2026
423,Adrianna,Gitthouse,F,agitthousebq@vkontakte.ru,6112931256,05/26/1977,11/22/2025
424,Freddie,Laverty,F,flavertybr@tamu.edu,7679390685,12/01/1987,11/14/2027
425,Maura,Whiting,F,mwhitingbs@japanpost.jp,2305169765,10/04/2003,04/18/2028
426,Katrine,Marnes,F,kmarnesbt@webmd.com,1836182662,01/14/2006,11/25/2026
427,Clarey,Issitt,F,cissittbu@parallels.com,8198957361,10/10/1995,01/13/2024
428,Tarrance,Wann,M,twannbv@acquirethisname.com,7977115425,08/04/1991,09/24/2023
429,Theodore,De Marchi,M,tdemarchibw@imageshack.us,5518260689,05/13/1991,10/24/2026
430,Dov,Magnus,M,dmagnusbx@printfriendly.com,9945140153,12/01/1993,11/28/2025
431,Rhianon,Nekrews,F,rnekrewsby@boston.com,3875194200,08/25/1994,08/11/2024
432,Conney,Habble,M,chabblebz@sakura.ne.jp,8036237064,11/16/1978,08/03/2026
433,Garfield,Cornfield,M,gcornfieldc0@goo.gl,3164559566,01/30/2008,10/02/2027
434,Kata,Veldstra,F,kveldstrac1@seesaa.net,1504669589,01/27/1994,04/08/2025
435,Stephanus,Morena,M,smorenac2@sciencedaily.com,9799912611,03/11/1994,01/07/2027
436,Forester,Hugues,M,fhuguesc3@ustream.tv,9468482019,06/05/2001,05/20/2024
437,Camilla,Feacham,F,cfeachamc4@oaic.gov.au,3167115765,01/28/1986,06/03/2024
438,Quintana,Bielfeldt,F,qbielfeldtc5@jiathis.com,7544362526,02/17/2013,02/29/2024
439,Antonia,Pimley,F,apimleyc6@creativecommons.org,9902128272,07/16/2000,08/20/2024
440,Filippo,Hutchence,M,fhutchencec7@yolasite.com,7857502922,06/26/1973,12/11/2023
441,Fanchette,Asson,F,fassonc8@springer.com,4888106994,04/08/2021,09/25/2026
442,Winfield,Largent,M,wlargentc9@oakley.com,1132575507,12/24/1985,09/08/2028
443,Nanine,Bycraft,F,nbycraftca@go.com,1221250053,04/02/2020,08/01/2027
444,Flora,Playhill,F,fplayhillcb@flavors.me,4362354280,11/12/2021,12/04/2026
445,Oona,Scadden,F,oscaddencc@desdev.cn,6763519948,10/01/2004,05/08/2024
446,Hal,Woolgar,M,hwoolgarcd@clickbank.net,9504257989,08/17/1989,10/25/2024
447,Randie,Parell,F,rparellce@jugem.jp,8155711439,09/17/2016,08/13/2024
448,Kimberlyn,Siemens,F,ksiemenscf@earthlink.net,3097356565,05/07/2009,01/05/2028
449,Raye,Hallstone,F,rhallstonecg@netlog.com,4821630576,07/07/2017,06/07/2027
450,Nydia,Fairham,F,nfairhamch@w3.org,9327684390,12/06/1987,02/13/2025
451,Brewer,Cowburn,M,bcowburnci@prnewswire.com,3705835044,05/12/2001,10/30/2026
452,Tommy,Voelker,F,tvoelkercj@uiuc.edu,1769836577,01/04/1986,09/30/2025
453,Wenona,Peche,F,wpecheck@usnews.com,9446354612,02/09/1976,05/26/2024
454,Marci,Girt,F,mgirtcl@jiathis.com,8035619646,12/25/1976,05/16/2025
455,Hugh,MacPake,M,hmacpakecm@ezinearticles.com,5165033324,10/29/2000,09/12/2028
456,Veronique,Cisco,F,vciscocn@yellowpages.com,3262270643,08/21/1993,05/20/2025
457,Odette,Manuello,F,omanuelloco@yandex.ru,9091381410,05/04/1994,07/05/2027
458,Locke,Heaney,M,lheaneycp@is.gd,1993097682,10/11/1974,11/09/2027
459,Lowe,Lace,M,llacecq@arizona.edu,7279648448,12/03/1975,09/08/2025
460,Lucais,Gadie,M,lgadiecr@simplemachines.org,8149126310,01/07/2004,04/15/2028
461,Elmo,Cicculini,M,ecicculinics@flickr.com,8053173643,05/06/2012,07/06/2026
462,Janelle,Daintry,F,jdaintryct@zimbio.com,6308301785,07/04/1992,03/31/2027
463,Minnaminnie,Shepperd,F,mshepperdcu@miibeian.gov.cn,7703573783,12/05/1983,03/31/2028
464,Archibald,Tutchener,M,atutchenercv@baidu.com,1153580226,07/31/1975,09/01/2028
465,Emalia,Oliver-Paull,F,eoliverpaullcw@ucoz.ru,1303995901,05/25/1990,06/01/2024
466,Raven,Burgise,F,rburgisecx@theatlantic.com,4893256702,08/20/2017,02/15/2024
467,Enriqueta,Bortolomei,F,ebortolomeicy@technorati.com,1497765309,08/22/2019,01/14/2028
468,Betsy,Blose,F,bblosecz@npr.org,4727149271,07/15/2005,04/05/2028
469,Arleta,Uttridge,F,auttridged0@howstuffworks.com,6236637577,11/25/1974,11/02/2025
470,Torrey,Kubasiewicz,M,tkubasiewiczd1@sohu.com,1484839240,09/23/2019,05/26/2028
471,Gerri,Wapplington,M,gwapplingtond2@squarespace.com,9022332642,12/02/1981,09/16/2028
472,Sander,Scoular,M,sscoulard3@domainmarket.com,5003574064,10/28/1984,01/01/2024
473,Brigitte,Skentelbery,F,bskentelberyd4@blogs.com,7074668069,01/25/1979,09/28/2028
474,Pam,Acory,F,pacoryd5@cmu.edu,1344928717,11/17/1987,05/24/2026
475,Juliane,Myton,F,jmytond6@goo.ne.jp,2389985501,10/04/1995,11/07/2028
476,Ingra,Keetley,M,ikeetleyd7@gnu.org,7557176743,09/11/1981,01/26/2025
477,Alair,Libermore,M,alibermored8@dedecms.com,6895397469,10/09/1983,04/07/2028
478,Hailey,Adran,M,hadrand9@seesaa.net,1304648842,05/07/1995,10/19/2026
479,Adelina,Reilinger,F,areilingerda@apache.org,3373038865,12/30/2008,07/18/2026
480,Abeu,Gummary,M,agummarydb@themeforest.net,8401485549,06/28/1973,12/13/2023
481,Chris,Milnthorpe,F,cmilnthorpedc@irs.gov,4318425427,11/05/1993,08/10/2027
482,Angelo,Cream,M,acreamdd@huffingtonpost.com,1755766161,06/27/1999,10/16/2027
483,Gonzalo,Thurlborn,M,gthurlbornde@mayoclinic.com,1645114303,11/09/1996,02/10/2027
484,Sidonnie,Enrico,F,senricodf@yellowbook.com,4139661068,03/22/2000,07/15/2024
485,Ogdan,Smeaton,M,osmeatondg@epa.gov,1582077087,03/28/2007,01/29/2026
486,Ewart,Tennison,M,etennisondh@wisc.edu,6139946947,06/03/1998,04/05/2028
487,Myrwyn,Huygen,M,mhuygendi@dell.com,7226781683,01/16/2021,01/16/2028
488,Neils,Duchesne,M,nduchesnedj@flickr.com,8347647205,11/02/1985,02/19/2028
489,Jeff,Charley,M,jcharleydk@dedecms.com,4807949017,11/17/1982,10/04/2027
490,Sherrie,Fassam,F,sfassamdl@t.co,5015131471,12/06/2018,12/26/2024
491,Linette,Mudd,F,lmudddm@alibaba.com,5531809609,04/08/1997,02/05/2027
492,Stanton,Polhill,M,spolhilldn@bloglovin.com,5165078057,02/03/1975,01/04/2024
493,Jae,Paula,M,jpaulado@slate.com,7011662579,03/19/2006,05/31/2024
494,Dion,Tweedy,M,dtweedydp@cafepress.com,2327614135,02/12/1981,05/26/2024
495,Lenette,Fleay,F,lfleaydq@cornell.edu,5167861886,05/04/2004,12/11/2025
496,Jo-ann,Iacovo,F,jiacovodr@opera.com,7316273187,05/28/1974,10/11/2028
497,Isacco,Sharman,M,isharmands@google.ca,6859996573,10/11/2009,02/25/2026
498,Rosalinde,Hallsworth,F,rhallsworthdt@cafepress.com,9666463089,08/27/1974,06/12/2028
499,Monique,Radford,F,mradforddu@answers.com,7538165606,03/28/1974,12/11/2024
500,Felipa,Corrigan,F,fcorrigandv@cocolog-nifty.com,3445607608,01/25/1974,08/11/2026
501,Ximenez,Roch,M,xrochdw@yale.edu,1479584054,04/19/1980,01/31/2024
502,Mindy,Tripney,F,mtripneydx@miibeian.gov.cn,4348765761,04/21/2006,09/15/2028
503,Austina,Labbey,F,alabbeydy@lulu.com,8185177969,10/09/1978,01/03/2028
504,Steffie,Brocklehurst,F,sbrocklehurstdz@bing.com,7622591143,12/29/2013,07/15/2026
505,Rooney,Treves,M,rtrevese0@wiley.com,5887292634,03/29/1973,02/25/2026
506,Lonee,Garnall,F,lgarnalle1@scientificamerican.com,5831346175,09/19/1996,11/08/2028
507,Deane,Fennelly,F,dfennellye2@chronoengine.com,5285386966,03/23/1987,01/15/2024
508,Arny,Brayne,M,abraynee3@redcross.org,5183124063,06/17/1977,10/29/2028
509,Malina,Impey,F,mimpeye4@delicious.com,6148095468,05/12/1997,01/27/2028
510,Eward,Kirlin,M,ekirline5@exblog.jp,5909786811,10/20/1994,10/14/2028
511,Elena,Renish,F,erenishe6@twitter.com,1566205197,05/15/1995,09/01/2028
512,Mohandis,Thomen,M,mthomene7@netvibes.com,3769223445,12/20/2018,12/14/2025
513,Mareah,Ensor,F,mensore8@hp.com,4324451877,02/19/2016,08/12/2028
514,Irena,Spollen,F,ispollene9@wikipedia.org,4951817422,01/01/2015,10/03/2025
515,Tulley,Cometto,M,tcomettoea@slate.com,1992136422,01/05/1976,01/16/2027
516,Alfonso,Minnock,M,aminnockeb@aboutads.info,4448002864,10/18/1990,05/29/2028
517,Rodney,Andersen,M,randersenec@cocolog-nifty.com,2694245470,01/28/1989,04/09/2025
518,Wilona,Handrick,F,whandricked@jugem.jp,1154094084,07/20/2007,07/14/2028
519,Francesca,Nolda,F,fnoldaee@walmart.com,9768197250,05/05/2020,10/02/2028
520,Giacopo,Schuricht,M,gschurichtef@ycombinator.com,4647603273,08/08/2008,03/24/2024
521,Miner,Meeny,M,mmeenyeg@scientificamerican.com,2458522935,04/14/1974,09/30/2025
522,Nicol,Giacomucci,F,ngiacomuccieh@google.com.br,3132534286,05/10/2019,07/23/2027
523,Mal,Canner,M,mcannerei@simplemachines.org,3378026623,05/16/1979,04/04/2028
524,Sheena,Hessel,F,shesselej@engadget.com,6442895592,05/31/1999,05/02/2026
525,Demetri,Beall,M,dbeallek@wikispaces.com,7541912977,05/29/2002,12/08/2025
526,Auberon,Newson,M,anewsonel@sohu.com,2455006967,04/01/1974,08/29/2027
527,Rand,Edsell,M,redsellem@moonfruit.com,3699791126,10/19/2011,05/05/2024
528,Cosme,Dufaur,M,cdufauren@intel.com,3687061396,10/20/2019,05/31/2026
529,Chandal,Grigorian,F,cgrigorianeo@nsw.gov.au,1726792296,01/01/1992,05/24/2024
530,Alice,Snow,F,asnowep@independent.co.uk,3733766192,08/19/2023,03/26/2024
531,Gladi,Riggeard,F,griggeardeq@nytimes.com,8658821879,12/03/1993,06/13/2026
532,Pierre,Scarrisbrick,M,pscarrisbricker@google.ca,4832245006,05/08/2012,09/24/2027
533,Sawyere,Scrigmour,M,sscrigmoures@bloglovin.com,1956256002,02/22/2008,10/05/2026
534,Zola,Mulheron,F,zmulheronet@squarespace.com,6291847152,05/11/1995,11/02/2024
535,Mitchell,Aslet,M,masleteu@omniture.com,5767022714,09/15/1991,04/26/2027
536,Tades,Ashbridge,M,tashbridgeev@squidoo.com,3744929071,01/05/2002,09/05/2027
537,Laird,Jorgesen,M,ljorgesenew@eepurl.com,8686902024,06/03/2017,08/28/2026
538,Dionisio,Garrigan,M,dgarriganex@eepurl.com,1664873934,09/06/2017,04/24/2026
539,Minetta,Beavon,F,mbeavoney@csmonitor.com,4157711040,07/25/1975,12/19/2024
540,Flore,Heam,F,fheamez@hibu.com,7783134620,01/21/1989,05/29/2026
541,Lusa,Meecher,F,lmeecherf0@posterous.com,5074131767,01/02/1986,10/14/2028
542,Angelico,Parmiter,M,aparmiterf1@prnewswire.com,5667602562,08/18/1974,01/05/2028
543,Findlay,Piolli,M,fpiollif2@ustream.tv,2937671064,06/16/1979,12/13/2027
544,Ronny,Pozzi,M,rpozzif3@wikipedia.org,7702200935,03/11/2009,11/08/2025
545,Kristien,Gillogley,F,kgillogleyf4@feedburner.com,5963816886,10/18/1994,09/27/2028
546,Cornie,Tysall,M,ctysallf5@chron.com,6722450739,12/17/2011,12/02/2023
547,Alys,Ratter,F,aratterf6@sina.com.cn,2624919568,08/01/2013,01/21/2025
548,Nev,Comberbeach,M,ncomberbeachf7@umich.edu,2868585047,04/11/2022,06/15/2024
549,Prent,North,M,pnorthf8@tuttocitta.it,2137266393,12/23/2010,01/22/2024
550,Allis,Idwal Evans,F,aidwalevansf9@unc.edu,8503208602,08/05/1996,02/06/2024
551,Lovell,Tames,M,ltamesfa@instagram.com,4979503036,01/07/1996,02/08/2027
552,Xavier,Betjes,M,xbetjesfb@barnesandnoble.com,2823718339,02/25/1994,12/30/2026
553,Hewett,Keysel,M,hkeyselfc@sbwire.com,6535922685,05/29/2008,05/02/2028
554,Coleman,Hepher,M,chepherfd@dailymotion.com,4617003506,06/26/1997,02/18/2024
555,Irita,Appleford,F,iapplefordfe@pen.io,8032650137,01/13/2010,03/22/2028
556,Kaine,Kleehuhler,M,kkleehuhlerff@oaic.gov.au,5873028668,09/13/1997,11/17/2026
557,Myrtice,Feek,F,mfeekfg@tumblr.com,4401131722,03/17/1992,08/12/2025
558,Edward,Avann,M,eavannfh@chronoengine.com,6929438626,01/30/1992,08/15/2024
559,Zarah,Blannin,F,zblanninfi@webnode.com,3415409063,02/28/1991,11/20/2025
560,Jaynell,Kharchinski,F,jkharchinskifj@storify.com,5175358320,08/16/1981,12/01/2026
561,Binni,Slimm,F,bslimmfk@tiny.cc,3579286324,03/03/2017,03/09/2028
562,Schuyler,McDougall,M,smcdougallfl@oakley.com,7599594719,04/27/1988,03/02/2025
563,Winnifred,Bisacre,F,wbisacrefm@zimbio.com,1022262205,12/11/2009,04/14/2025
564,Edgar,Bedberry,M,ebedberryfn@nationalgeographic.com,2389085034,10/13/1983,09/26/2026
565,Gianni,Hounsome,M,ghounsomefo@discovery.com,2789433593,02/26/2010,11/27/2028
566,Zola,Portugal,F,zportugalfp@chron.com,2336647849,11/13/2003,09/01/2028
567,Fayre,Goomes,F,fgoomesfq@bluehost.com,3139959913,09/29/2014,07/21/2028
568,Tanhya,Shoesmith,F,tshoesmithfr@opensource.org,5076361885,01/10/1985,10/07/2023
569,Wait,Bleas,M,wbleasfs@geocities.com,5206318674,01/12/1990,09/09/2028
570,Theodor,Yegorov,M,tyegorovft@mit.edu,6381294850,07/16/2004,08/22/2027
571,Gerrie,O'Dare,M,godarefu@ed.gov,9411488347,08/30/2015,03/26/2026
572,Shelli,Stilling,F,sstillingfv@php.net,4927180806,05/17/1979,03/17/2024
573,Kylie,Cestard,M,kcestardfw@oakley.com,3431912402,08/16/1993,12/23/2025
574,Manon,Hunnicot,F,mhunnicotfx@gnu.org,1467753172,06/10/1977,10/24/2023
575,Bobina,Glancey,F,bglanceyfy@jimdo.com,2922361846,06/19/1979,05/22/2027
576,Ondrea,Comben,F,ocombenfz@topsy.com,5474946776,09/05/2014,01/10/2025
577,Deeyn,Drewe,F,ddreweg0@cbc.ca,8583012336,03/01/1978,08/06/2028
578,Catlee,Strood,F,cstroodg1@si.edu,1327172087,03/31/2013,04/29/2028
579,Nichol,Bertenshaw,F,nbertenshawg2@joomla.org,2519868746,04/27/2012,02/18/2028
580,Cory,Rustidge,F,crustidgeg3@booking.com,7631143299,05/13/1978,02/26/2026
581,Rozalin,Weth,F,rwethg4@archive.org,9437468931,01/20/2007,11/30/2028
582,Waldo,Christy,M,wchristyg5@macromedia.com,1585252195,12/21/1994,06/20/2028
583,Prissie,Barme,F,pbarmeg6@mozilla.com,1255391612,03/04/2007,12/02/2023
584,Dalila,Jonah,F,djonahg7@google.fr,1215817383,08/24/2000,11/22/2023
585,Micheline,Berdale,F,mberdaleg8@vistaprint.com,3538686575,05/02/1975,08/17/2028
586,Jamaal,Colbeck,M,jcolbeckg9@friendfeed.com,9592911964,01/06/1991,04/23/2027
587,Weidar,Hebbes,M,whebbesga@google.com,3865675368,06/18/1974,06/09/2026
588,Leo,Grist,M,lgristgb@etsy.com,2887871884,04/04/2015,07/19/2026
589,Thorsten,Sobczak,M,tsobczakgc@amazonaws.com,5436461145,05/10/2010,12/05/2027
590,Zelig,Wehnerr,M,zwehnerrgd@utexas.edu,7531333012,12/10/1997,06/18/2025
591,Kenyon,Britch,M,kbritchge@seesaa.net,1531524273,01/06/1980,12/14/2026
592,Cristie,Gorriessen,F,cgorriessengf@geocities.jp,9751608151,03/21/1987,06/11/2025
593,Leonhard,Rustman,M,lrustmangg@exblog.jp,1495189880,05/25/2015,10/24/2027
594,Costanza,Scougal,F,cscougalgh@google.ru,3874918426,04/14/1977,11/15/2025
595,Brigham,Warlow,M,bwarlowgi@dailymotion.com,9407113362,02/27/1984,01/05/2027
596,Lenette,Limb,F,llimbgj@mit.edu,9072887290,03/06/1993,01/22/2025
597,Elijah,Frost,M,efrostgk@ed.gov,3145101044,08/10/2013,10/02/2025
598,Wandie,Shuttell,F,wshuttellgl@w3.org,5766229479,12/13/1992,06/04/2027
599,Perri,Tofanelli,F,ptofanelligm@tinypic.com,3124996063,01/06/1988,05/05/2028
600,Kerianne,Dudmesh,F,kdudmeshgn@diigo.com,8005294429,12/16/2016,02/18/2024
601,Vlad,Preene,M,vpreenego@epa.gov,9757329874,08/23/2022,05/27/2027
602,Seumas,Rosi,M,srosigp@cmu.edu,1019878840,01/12/1991,08/31/2027
603,Hubey,Budge,M,hbudgegq@earthlink.net,1041740841,08/20/2020,03/19/2028
604,Stanleigh,Vinton,M,svintongr@zimbio.com,5834262912,11/13/2022,10/12/2023
605,Reidar,Tiuit,M,rtiuitgs@gizmodo.com,8044190072,05/16/1981,05/14/2024
606,Tammie,Reneke,F,trenekegt@fda.gov,8857642239,07/17/1991,12/04/2024
607,Nona,Fessby,F,nfessbygu@devhub.com,8166905602,01/09/2018,06/25/2024
608,Maggy,Wheeliker,F,mwheelikergv@tiny.cc,9109520565,07/31/1984,10/19/2027
609,Kellen,Pollastrone,M,kpollastronegw@yelp.com,4203078282,01/01/2000,01/06/2028
610,Hilde,Ong,F,honggx@mapy.cz,8029835345,08/02/1999,09/16/2027
611,Jacquelyn,Kennermann,F,jkennermanngy@yellowpages.com,2796354244,05/24/2015,06/10/2025
612,Garrick,Dalgardno,M,gdalgardnogz@gov.uk,9901425460,08/01/2003,09/11/2024
613,Gerhardt,Lorkings,M,glorkingsh0@skyrock.com,4153951587,02/21/2005,02/09/2026
614,Rycca,Atger,F,ratgerh1@com.com,9392892583,09/29/2003,02/23/2024
615,Heindrick,Tappor,M,htapporh2@xrea.com,3782935416,10/21/2001,12/30/2024
616,Ase,Clinkard,M,aclinkardh3@twitpic.com,6347347772,04/16/2011,03/16/2024
617,Bordie,Macoun,M,bmacounh4@gizmodo.com,4551565223,01/03/2012,06/26/2024
618,Theresina,Gallie,F,tgallieh5@twitpic.com,4937138784,07/06/2011,02/01/2025
619,Abba,Squelch,M,asquelchh6@comcast.net,1535846349,11/08/1988,05/26/2028
620,Fredra,Dodsley,F,fdodsleyh7@comsenz.com,2028229105,10/26/1992,08/29/2025
621,Ashley,Macconachy,M,amacconachyh8@mail.ru,1292238475,10/25/1996,09/11/2024
622,Lanie,Zylbermann,M,lzylbermannh9@alibaba.com,6709625448,01/01/2014,04/23/2026
623,Dannel,Yarnell,M,dyarnellha@smh.com.au,1139000006,04/26/2023,07/09/2026
624,Phoebe,Zanettini,F,pzanettinihb@hugedomains.com,5226621831,09/04/2016,04/21/2027
625,Constance,Ellison,F,cellisonhc@artisteer.com,3817300881,09/10/2005,07/13/2028
626,Dorie,Hazelhurst,F,dhazelhursthd@elegantthemes.com,4881132167,03/24/1992,08/10/2025
627,Davina,Wiggington,F,dwiggingtonhe@sina.com.cn,2318901037,12/04/1982,06/08/2025
628,Natka,Willatt,F,nwillatthf@people.com.cn,1189902046,04/15/2022,11/22/2028
629,Moishe,Stryde,M,mstrydehg@businesswire.com,1757925524,03/25/2015,05/18/2027
630,Bab,Bleeze,F,bbleezehh@prlog.org,9265356597,05/31/1980,03/25/2024
631,Maurise,Simes,M,msimeshi@csmonitor.com,9819393465,11/18/1974,12/29/2027
632,Pierson,Gosnall,M,pgosnallhj@e-recht24.de,8378131659,10/19/1974,07/01/2028
633,Shurlocke,Orred,M,sorredhk@sphinn.com,1516966008,02/22/2011,11/21/2023
634,Nester,Petegre,M,npetegrehl@timesonline.co.uk,8468086558,05/17/2023,07/20/2024
635,Cairistiona,Sor,F,csorhm@cbsnews.com,4659935053,01/02/1988,05/26/2026
636,Hilly,Hatliff,M,hhatliffhn@telegraph.co.uk,7237794497,08/03/2018,10/05/2028
637,Kissee,Friel,F,kfrielho@ft.com,1466730109,02/23/1982,10/30/2024
638,Alane,Fiddiman,F,afiddimanhp@tamu.edu,6889754948,12/10/2010,06/22/2024
639,Creight,Philimore,M,cphilimorehq@google.com.hk,5349762862,12/03/2011,03/10/2025
640,Darcee,Mattiussi,F,dmattiussihr@hatena.ne.jp,8658751037,11/22/1992,04/17/2028
641,Marris,Brandle,F,mbrandlehs@github.io,3323059601,02/14/2021,05/22/2028
642,Bonita,Poyntz,F,bpoyntzht@icio.us,4333063609,05/02/1992,03/22/2025
643,Nicolle,Mattheis,F,nmattheishu@cbsnews.com,7538824831,03/17/1994,12/22/2024
644,Lorianna,Probbing,F,lprobbinghv@adobe.com,3854292429,12/02/2007,01/19/2025
645,Cart,Snoad,M,csnoadhw@theglobeandmail.com,8964683617,05/20/1987,09/13/2027
646,Maddy,Dallender,M,mdallenderhx@twitpic.com,5858202076,12/06/1990,06/26/2028
647,Adamo,Jorcke,M,ajorckehy@deliciousdays.com,3521436822,04/09/1994,11/17/2026
648,Alwin,Regis,M,aregishz@wufoo.com,5872951907,08/05/1987,12/09/2026
649,Jean,Tute,M,jtutei0@mit.edu,2794125722,06/20/2014,08/09/2027
650,Nikolas,Vacher,M,nvacheri1@kickstarter.com,5954255021,07/03/1981,05/29/2028
651,Reinald,Lafoy,M,rlafoyi2@smh.com.au,1271939351,10/29/2008,01/13/2027
652,Stanislaw,Delagnes,M,sdelagnesi3@businessinsider.com,3523456893,04/21/2003,07/01/2027
653,Lloyd,Roy,M,lroyi4@cnbc.com,4317880816,11/15/2022,09/17/2025
654,Conant,McLaren,M,cmclareni5@sohu.com,8564356477,11/27/2013,06/25/2026
655,Warden,Grannell,M,wgrannelli6@nytimes.com,6269278019,08/24/1999,10/25/2024
656,Noby,Mahody,M,nmahodyi7@wikispaces.com,5961225167,04/13/1976,06/15/2026
657,Anita,Humber,F,ahumberi8@tumblr.com,3311008970,04/10/2012,11/14/2028
658,Lock,Hudel,M,lhudeli9@zimbio.com,9167710718,05/19/1988,10/17/2025
659,Garey,Pocock,M,gpocockia@angelfire.com,3212418174,07/25/1997,03/20/2024
660,Eddi,Vairow,F,evairowib@samsung.com,8769199247,12/23/2010,01/20/2024
661,Bordy,Kidman,M,bkidmanic@senate.gov,2202128228,12/01/2002,01/08/2028
662,Warde,Croad,M,wcroadid@narod.ru,8813937636,11/08/2004,09/04/2024
663,Orlando,Potter,M,opotterie@nbcnews.com,8075228384,08/05/2023,11/10/2024
664,Joli,Dumigan,F,jdumiganif@imageshack.us,4195252883,08/03/1998,10/26/2025
665,Antonin,Rolfini,M,arolfiniig@yale.edu,4492626596,08/21/2013,10/10/2027
666,Anet,Heinzler,F,aheinzlerih@time.com,3454709607,12/19/2007,03/30/2027
667,Alan,Ivushkin,M,aivushkinii@techcrunch.com,4727855434,07/04/1997,05/06/2026
668,Kennie,Baskerfield,M,kbaskerfieldij@jugem.jp,1388150261,04/10/2017,07/05/2024
669,Fawne,Matuszinski,F,fmatuszinskiik@macromedia.com,6784051249,10/18/1979,10/25/2026
670,Pammy,Balke,F,pbalkeil@sina.com.cn,5653375147,03/16/1974,10/06/2028
671,Pincas,Orable,M,porableim@prnewswire.com,8277243750,11/03/1975,02/07/2028
672,Lily,Backson,F,lbacksonin@usatoday.com,3303701668,07/06/1975,11/07/2023
673,Lucian,Lusk,M,lluskio@newyorker.com,1589874047,12/08/1979,08/17/2027
674,Kennan,Caple,M,kcapleip@livejournal.com,7894704293,12/26/1991,11/24/2024
675,Bobby,Rundall,M,brundalliq@indiatimes.com,8395179991,01/22/1985,12/26/2025
676,Tracie,Dufoure,F,tdufoureir@cmu.edu,1571121461,03/23/1990,10/17/2028
677,Garey,Jerome,M,gjeromeis@eepurl.com,1446082561,10/23/1973,06/28/2027
678,Eric,Stockau,M,estockauit@examiner.com,9691225834,02/18/1991,10/23/2026
679,Joelly,Shadwick,F,jshadwickiu@sogou.com,4955637909,04/22/2023,09/08/2025
680,Carny,Macbeth,M,cmacbethiv@bloomberg.com,5764068138,11/20/1999,09/15/2028
681,Leandra,Rubie,F,lrubieiw@scientificamerican.com,7864288365,01/08/2004,12/11/2027
682,Bevon,Mullinder,M,bmullinderix@blinklist.com,5137946799,03/04/1999,05/06/2028
683,Kassia,Dragonette,F,kdragonetteiy@cam.ac.uk,5742161846,11/03/1978,09/12/2028
684,Abram,Josephov,M,ajosephoviz@pinterest.com,5824180747,02/24/2005,12/12/2024
685,Westbrooke,Fiander,M,wfianderj0@free.fr,1851961075,10/29/1974,06/19/2026
686,Heath,Acton,M,hactonj1@bloglovin.com,5043384843,12/16/2008,10/09/2024
687,Hedwig,Peyes,F,hpeyesj2@paypal.com,2544776591,04/14/2011,08/21/2026
688,Kakalina,Treffry,F,ktreffryj3@sogou.com,7193425839,01/22/2002,03/09/2025
689,Roch,Bunker,F,rbunkerj4@yellowbook.com,9041249572,07/16/1982,05/06/2024
690,Mallissa,Blenkhorn,F,mblenkhornj5@hexun.com,6276527142,10/31/1995,06/24/2027
691,Padgett,Cassam,M,pcassamj6@shinystat.com,1813202156,06/22/1996,10/12/2028
692,Rod,Garken,M,rgarkenj7@bloomberg.com,8884656127,06/10/1995,05/27/2028
693,Terence,Duffer,M,tdufferj8@usda.gov,9014923539,11/05/1996,02/07/2025
694,Ragnar,Grigolashvill,M,rgrigolashvillj9@omniture.com,6278439823,11/05/1996,05/27/2028
695,Avril,Sandon,F,asandonja@ameblo.jp,1893119152,10/01/1977,08/03/2024
696,Burtie,Suerz,M,bsuerzjb@clickbank.net,8103208924,04/29/1996,10/13/2027
697,Miller,Halladey,M,mhalladeyjc@github.com,9551066646,07/16/1979,12/31/2027
698,Thibaud,Belli,M,tbellijd@vinaora.com,7406450968,10/18/1977,09/20/2026
699,Jasmina,Kohlerman,F,jkohlermanje@aboutads.info,8907501071,05/17/2012,01/20/2024
700,Lenna,Cullip,F,lcullipjf@unblog.fr,6195198914,03/05/1994,08/20/2028
701,Agosto,Duggon,M,aduggonjg@washington.edu,9647951316,05/22/2011,03/10/2028
702,Abbe,Shipston,M,ashipstonjh@virginia.edu,8453338783,06/22/2010,02/13/2025
703,Cecilla,Downing,F,cdowningji@timesonline.co.uk,5209514199,11/19/2009,12/14/2024
704,Arie,Hoffman,M,ahoffmanjj@fc2.com,3051039626,01/09/2000,10/20/2025
705,Terrijo,Schoales,F,tschoalesjk@gravatar.com,6205103860,04/13/1976,08/26/2024
706,Waylan,Huws,M,whuwsjl@wikia.com,5378202890,10/26/1999,11/23/2027
707,Lois,Hache,F,lhachejm@friendfeed.com,9863523996,07/15/1977,08/06/2024
708,Ogdon,Steane,M,osteanejn@cam.ac.uk,8962565225,11/14/1980,12/03/2027
709,Tallie,Reaveley,F,treaveleyjo@bbc.co.uk,5805969183,02/12/2021,10/29/2027
710,Dodi,Fancutt,F,dfancuttjp@google.ru,6073734490,09/23/1985,09/18/2028
711,Devlin,Gorwood,M,dgorwoodjq@arstechnica.com,9197739578,04/18/1982,01/22/2024
712,Constanta,Nunns,F,cnunnsjr@nationalgeographic.com,3446348245,04/13/1979,05/15/2024
713,Guillemette,Coupman,F,gcoupmanjs@weather.com,9672694692,08/08/2013,04/30/2024
714,Ansel,Bardsley,M,abardsleyjt@japanpost.jp,4174610984,10/26/1984,07/20/2025
715,Alyss,Saura,F,asauraju@berkeley.edu,6278163034,05/04/2006,11/29/2025
716,Domini,Totman,F,dtotmanjv@goo.gl,1102349730,02/24/2003,12/03/2027
717,Deonne,Georger,F,dgeorgerjw@feedburner.com,4678403176,12/27/2002,08/06/2026
718,Heall,Kennifick,M,hkennifickjx@purevolume.com,7737437036,05/14/2012,09/12/2024
719,Oneida,Dawby,F,odawbyjy@netlog.com,7462987271,09/19/2005,04/21/2028
720,Beilul,Butchart,F,bbutchartjz@webmd.com,9394336188,03/21/2021,06/07/2024
721,Dallas,Cant,M,dcantk0@tiny.cc,1757833829,06/13/1975,06/25/2027
722,Rowan,Bosman,M,rbosmank1@wired.com,2552413220,10/26/2010,07/19/2024
723,Reggie,Lewson,M,rlewsonk2@ed.gov,6398458599,02/06/1983,03/13/2025
724,Arty,Meanwell,M,ameanwellk3@yahoo.co.jp,1434560215,06/16/1982,03/04/2024
725,Adi,Coultard,F,acoultardk4@seattletimes.com,9621794187,08/21/2023,05/11/2024
726,Goldina,Fowls,F,gfowlsk5@forbes.com,7273312244,05/02/1976,06/18/2026
727,Marietta,Singyard,M,msingyardk6@reuters.com,8213383049,05/07/2021,08/12/2024
728,Cam,Lotterington,F,clotteringtonk7@last.fm,4257820532,09/05/1974,07/21/2025
729,Consolata,Greenhall,F,cgreenhallk8@prweb.com,8593220424,10/07/2022,04/17/2027
730,Junia,Lias,F,jliask9@pen.io,9505308629,07/17/1986,02/08/2026
731,Che,Gallihawk,M,cgallihawkka@live.com,1118759048,07/01/1978,10/03/2026
732,Dorolisa,Hought,F,dhoughtkb@amazonaws.com,9963530527,12/05/2009,04/28/2028
733,Nollie,Cruden,M,ncrudenkc@issuu.com,1936530023,08/21/2013,09/09/2028
734,Bancroft,Lenox,M,blenoxkd@cbc.ca,6695853753,11/11/1998,10/17/2026
735,Parker,Konert,M,pkonertke@miibeian.gov.cn,1823367937,05/03/2004,09/13/2026
736,Brant,Spavon,M,bspavonkf@fotki.com,7296936391,03/25/2000,10/16/2023
737,Selia,Propper,F,spropperkg@baidu.com,8259093652,04/01/1986,11/24/2025
738,Hailee,Firminger,F,hfirmingerkh@oaic.gov.au,6943453112,06/11/2011,12/30/2026
739,Yorgos,Dufer,M,yduferki@mtv.com,6107526903,08/27/1997,04/03/2028
740,Sayer,Spensley,M,sspensleykj@netvibes.com,3105201242,11/21/2007,04/15/2026
741,Derward,Hebbard,M,dhebbardkk@independent.co.uk,8774397860,07/21/2015,05/24/2024
742,Jessalyn,Mordan,F,jmordankl@goo.gl,4896657565,10/21/1977,10/27/2026
743,Augie,Pieterick,M,apieterickkm@exblog.jp,5625215891,05/17/1975,04/07/2024
744,Maureene,Schuster,F,mschusterkn@admin.ch,1049219343,01/30/1999,07/17/2027
745,Violante,Adame,F,vadameko@nymag.com,3635915158,09/05/2002,11/29/2025
746,Robinet,Rubertis,M,rrubertiskp@nbcnews.com,4696032186,03/24/1991,05/10/2025
747,Cody,Beat,M,cbeatkq@creativecommons.org,5187455752,11/04/1982,03/20/2024
748,Koralle,Macconaghy,F,kmacconaghykr@macromedia.com,2508469706,06/09/1990,04/12/2025
749,Petr,Charle,M,pcharleks@wufoo.com,7688105190,02/23/2011,05/18/2025
750,Garrik,Hatch,M,ghatchkt@sitemeter.com,5312809257,03/11/2018,08/04/2025
751,Janeen,Ainsby,F,jainsbyku@indiatimes.com,5284248110,05/17/2011,03/24/2027
752,Morgan,Mundwell,F,mmundwellkv@ted.com,5713895841,10/27/2006,12/29/2025
753,Danny,Stanner,F,dstannerkw@wordpress.org,8946793231,07/07/1995,12/07/2025
754,Brantley,Markovich,M,bmarkovichkx@google.it,4084563078,12/11/2001,01/01/2027
755,Marketa,Edgeley,F,medgeleyky@hibu.com,1415230754,11/30/1998,11/10/2025
756,Johnette,McCafferky,F,jmccafferkykz@prnewswire.com,9669185041,09/01/2017,09/30/2023
757,Willette,Annett,F,wannettl0@china.com.cn,8826621030,01/25/1991,11/18/2027
758,Humfrid,Balfe,M,hbalfel1@aol.com,2684912177,12/26/1986,02/07/2028
759,Natale,Spradbrow,M,nspradbrowl2@devhub.com,9606453353,09/22/2020,07/10/2025
760,Blakeley,Rignoldes,F,brignoldesl3@yellowpages.com,8165297908,09/16/2019,06/18/2024
761,Shanta,Dedman,F,sdedmanl4@amazon.co.jp,3294285566,11/29/2011,09/05/2027
762,Zackariah,Sangster,M,zsangsterl5@opera.com,1868404511,03/07/1981,03/27/2026
763,Morgan,Keasy,F,mkeasyl6@gmpg.org,9651580572,10/22/2016,06/04/2026
764,Reube,Hurdedge,M,rhurdedgel7@t.co,2065777704,02/03/2010,11/22/2025
765,Hedi,McGarel,F,hmcgarell8@macromedia.com,5283199821,08/16/2001,05/05/2028
766,Uriah,O'Heffernan,M,uoheffernanl9@weather.com,4659053259,08/12/1995,09/23/2025
767,Ransom,Jeger,M,rjegerla@sun.com,6973697347,06/10/1996,01/03/2027
768,Amye,Gair,F,agairlb@jimdo.com,9087017620,05/17/1979,11/26/2024
769,Cybil,Orgel,F,corgellc@wp.com,6036770062,09/26/1996,04/27/2027
770,Celka,Catford,F,ccatfordld@gizmodo.com,2454277111,01/06/2005,10/23/2025
771,Lonee,Goundrill,F,lgoundrillle@msu.edu,7997588410,03/02/2022,11/28/2027
772,Frederic,Fishleigh,M,ffishleighlf@eepurl.com,3056864792,11/08/2017,12/10/2028
773,Kurtis,Hlavac,M,khlavaclg@linkedin.com,1345695510,02/15/2015,10/29/2025
774,Eugenia,Bierling,F,ebierlinglh@typepad.com,6872214317,12/30/2020,06/15/2027
775,Marguerite,Bass,F,mbassli@com.com,1476625313,03/16/1990,07/01/2028
776,Auguste,Summerill,F,asummerilllj@opensource.org,3531862113,03/09/1987,12/10/2025
777,De witt,Sanderson,M,dsandersonlk@sina.com.cn,7307225255,11/17/2008,04/23/2025
778,Allyn,Dibbin,M,adibbinll@liveinternet.ru,6182273531,03/05/1994,05/24/2024
779,Marj,Johananoff,F,mjohananofflm@archive.org,8709037544,08/29/2017,07/12/2025
780,Tomi,Devenny,F,tdevennyln@ebay.com,1646419644,01/18/1998,07/20/2024
781,Giulia,Oglesbee,F,goglesbeelo@blinklist.com,9916153586,07/03/2003,03/20/2026
782,Vasili,Bonhill,M,vbonhilllp@usda.gov,4126126402,07/31/1993,11/19/2025
783,Tam,Pollastrone,M,tpollastronelq@studiopress.com,9671486929,10/17/2013,03/01/2028
784,Ira,Brou,F,ibroulr@sitemeter.com,9743043480,03/13/1995,07/26/2024
785,Berti,Pomfrett,M,bpomfrettls@wired.com,9708019784,04/30/2003,04/13/2027
786,Deina,Guerriero,F,dguerrierolt@wiley.com,9568568436,11/05/2019,05/28/2028
787,Moe,Ricards,M,mricardslu@auda.org.au,6777273306,08/30/1991,02/12/2026
788,Gregor,Veltmann,M,gveltmannlv@cornell.edu,2053936603,10/10/1994,01/31/2027
789,Carley,Limer,F,climerlw@artisteer.com,8275577407,12/20/1988,08/15/2027
790,Peri,Englefield,F,penglefieldlx@cargocollective.com,1024038053,05/05/2003,12/31/2025
791,Northrop,Elliff,M,nelliffly@nih.gov,5275199142,07/04/2004,11/03/2025
792,Mohandis,Haye,M,mhayelz@hp.com,3645687689,07/26/2011,10/07/2025
793,Kay,McEwen,F,kmcewenm0@wikimedia.org,2989786337,12/07/2015,01/23/2025
794,Yvette,Riddiford,F,yriddifordm1@deviantart.com,7774344948,04/21/2023,12/04/2025
795,Domingo,Pinhorn,M,dpinhornm2@seattletimes.com,9226940514,04/14/2008,12/03/2024
796,Edgard,Conan,M,econanm3@seesaa.net,9614714911,05/15/1999,09/30/2024
797,Rutherford,Opy,M,ropym4@comsenz.com,7053182846,08/24/1989,02/08/2025
798,Bentley,Keeves,M,bkeevesm5@biglobe.ne.jp,7316750832,06/05/1990,10/20/2026
799,Austin,Archbold,F,aarchboldm6@freewebs.com,1734199860,01/24/2004,06/01/2026
800,Shelli,Branthwaite,F,sbranthwaitem7@unc.edu,2084661455,06/13/1996,11/06/2028
801,Noell,Surmeyer,F,nsurmeyerm8@ucsd.edu,6777555460,04/30/1981,12/17/2024
802,Bran,Denniston,M,bdennistonm9@i2i.jp,6032106028,03/07/2018,03/30/2024
803,Dar,Cota,M,dcotama@google.es,3329731219,09/16/1985,02/21/2026
804,Celie,Yeoman,F,cyeomanmb@wordpress.com,1616008911,10/10/1998,02/01/2027
805,Karin,McMechan,F,kmcmechanmc@etsy.com,6126234871,03/11/1975,03/01/2028
806,Wrennie,Callister,F,wcallistermd@tumblr.com,6014364928,11/12/1986,08/16/2026
807,Kizzie,Dundendale,F,kdundendaleme@auda.org.au,3666871634,11/21/2002,07/28/2027
808,Herby,Treasaden,M,htreasadenmf@bbc.co.uk,8897050015,11/21/1987,04/22/2027
809,Ezequiel,Tunkin,M,etunkinmg@amazon.com,8734184122,12/16/1988,10/21/2026
810,Robbie,Rugge,F,rruggemh@soup.io,6754016358,01/08/2002,08/17/2026
811,Teresina,Spieght,F,tspieghtmi@mysql.com,3975068473,10/08/1992,08/15/2025
812,Rafaela,Gamlyn,F,rgamlynmj@rambler.ru,1693904803,11/22/2015,06/26/2024
813,Erika,Sorrill,F,esorrillmk@boston.com,7374945105,02/06/2021,04/23/2025
814,Christabel,Gyves,F,cgyvesml@parallels.com,3541075041,02/20/1999,11/03/2026
815,Theo,Baskett,F,tbaskettmm@mapy.cz,2075148728,02/11/1973,08/24/2025
816,Gay,Gravatt,F,ggravattmn@ask.com,1922504184,04/20/1988,04/12/2028
817,Francine,Preddy,F,fpreddymo@wikimedia.org,3749089085,06/19/2005,05/17/2026
818,Reena,Chicken,F,rchickenmp@addtoany.com,2186945175,10/15/2016,11/19/2024
819,Krystal,Pacitti,F,kpacittimq@buzzfeed.com,8709243094,06/28/2020,02/13/2024
820,Onfre,Humerstone,M,ohumerstonemr@mlb.com,2649085556,10/28/2013,12/13/2026
821,Renelle,Manjot,F,rmanjotms@youtube.com,1537818565,06/17/2017,10/02/2028
822,Broderick,Bramsom,M,bbramsommt@booking.com,2604964158,10/04/2014,03/04/2027
823,Annis,Macewan,F,amacewanmu@cnbc.com,7951936154,08/01/1988,11/03/2025
824,Kali,Pegg,F,kpeggmv@ucoz.com,5639823520,08/14/2005,06/06/2024
825,Mariejeanne,Schwerin,F,mschwerinmw@photobucket.com,9362269284,10/12/2018,09/08/2025
826,Andris,Bowery,M,abowerymx@behance.net,3081486335,04/20/2003,06/06/2026
827,Yale,Danilov,M,ydanilovmy@rambler.ru,1877136065,05/28/2005,12/07/2025
828,Dwayne,Roddam,M,droddammz@so-net.ne.jp,9201998814,01/26/1993,11/05/2024
829,Barry,Armistead,M,barmisteadn0@home.pl,5203630529,12/11/1987,07/19/2028
830,Tierney,Wint,F,twintn1@homestead.com,2148306517,02/08/1988,01/02/2026
831,Felicle,Thicking,F,fthickingn2@wikimedia.org,6099695183,09/04/2008,07/06/2025
832,Andris,Willwood,M,awillwoodn3@tinypic.com,9088637320,06/03/1988,03/29/2024
833,Ariella,Thurske,F,athursken4@pagesperso-orange.fr,4924843051,10/06/1999,11/19/2023
834,Milty,Howsam,M,mhowsamn5@weibo.com,9475864079,03/11/2018,01/26/2028
835,Waldon,Davidesco,M,wdavidescon6@youku.com,1503397563,05/31/2004,12/30/2027
836,Cordell,Galtone,M,cgaltonen7@bing.com,3292913177,01/19/2019,02/08/2027
837,Romola,Rennebach,F,rrennebachn8@ibm.com,5731050760,02/16/2020,06/27/2027
838,Olympie,Obern,F,oobernn9@ask.com,5164916219,07/18/2009,05/19/2027
839,Caro,Bourbon,F,cbourbonna@army.mil,3531601144,06/11/2008,11/16/2024
840,Syd,Mara,M,smaranb@webnode.com,2125245074,01/07/2005,08/18/2025
841,Robbie,Till,F,rtillnc@goo.gl,5351220999,09/07/2007,10/01/2024
842,Goldy,McNaught,F,gmcnaughtnd@altervista.org,4087852315,01/28/2016,06/01/2027
843,Avigdor,McQuaide,M,amcquaidene@google.nl,3527875898,09/08/1981,01/02/2026
844,Vittorio,Dimitriou,M,vdimitriounf@marriott.com,4894079402,07/07/1987,12/01/2025
845,Rubetta,Bretland,F,rbretlandng@google.com.br,1292430216,11/29/1985,05/10/2025
846,Morey,Ghirigori,M,mghirigorinh@posterous.com,3556576404,07/20/2015,10/10/2025
847,Candide,Roofe,F,croofeni@parallels.com,8216025784,05/08/2017,07/22/2024
848,Asher,Sessuns,M,asessunsnj@sciencedirect.com,6091073078,12/28/2020,05/15/2025
849,Emmy,Carff,M,ecarffnk@163.com,7352595555,11/12/1992,08/27/2025
850,Roosevelt,Lorey,M,rloreynl@ucoz.ru,7531597781,06/21/1982,04/27/2027
851,Alberto,Pietruszka,M,apietruszkanm@cam.ac.uk,6038959881,01/05/2003,09/06/2026
852,Devlin,Lauks,M,dlauksnn@examiner.com,6246444980,02/01/2006,04/24/2025
853,Valentina,Ridler,F,vridlerno@cocolog-nifty.com,6298757848,11/02/2004,08/02/2026
854,Sile,Patmore,F,spatmorenp@over-blog.com,1838513317,04/09/1973,09/20/2027
855,Lynn,Pheby,F,lphebynq@xinhuanet.com,6823945988,01/05/1992,08/31/2026
856,Monro,Buscher,M,mbuschernr@multiply.com,5523788907,09/08/1975,05/01/2028
857,Aime,Dmitriev,F,admitrievns@imageshack.us,4629474056,08/24/1989,01/29/2028
858,Tasia,Trebbett,F,ttrebbettnt@mayoclinic.com,1842780684,09/22/2012,09/16/2023
859,Arvie,Sturdey,M,asturdeynu@mail.ru,3425806047,06/10/2004,03/19/2024
860,Junina,Siggers,F,jsiggersnv@discovery.com,3824818163,04/27/1997,03/06/2025
861,Amye,Cartledge,F,acartledgenw@google.co.uk,6412085030,07/22/1974,04/10/2024
862,Dario,Pettegree,M,dpettegreenx@phoca.cz,8483557236,01/21/2020,05/25/2028
863,Gage,Pitney,M,gpitneyny@gravatar.com,9674407701,06/12/2019,04/25/2026
864,Sadie,Thing,F,sthingnz@yellowbook.com,4521320043,07/25/2021,03/04/2026
865,Jennee,Mollnar,F,jmollnaro0@paginegialle.it,4067117248,10/03/1974,11/07/2024
866,Cornie,Whellams,M,cwhellamso1@blogger.com,3869409225,10/22/1984,03/14/2028
867,Simone,Thaller,M,sthallero2@themeforest.net,2904401031,09/05/2001,10/09/2028
868,Barty,Proom,M,bproomo3@cisco.com,3263745717,02/11/1988,04/16/2027
869,Curr,Sewter,M,csewtero4@homestead.com,3707014137,08/09/1994,05/28/2026
870,Maybelle,Gonsalo,F,mgonsaloo5@aol.com,4035079143,06/07/1979,12/06/2024
871,Jude,Coucher,M,jcouchero6@tripod.com,1364264241,12/19/2016,09/25/2028
872,Sisely,Breakspear,F,sbreakspearo7@biblegateway.com,7776121131,01/12/2015,02/03/2028
873,Laverne,Bushill,F,lbushillo8@spiegel.de,4015148412,11/13/1992,10/26/2027
874,Bartlet,McReynolds,M,bmcreynoldso9@so-net.ne.jp,4697957770,09/09/2012,01/21/2028
875,Ingeberg,Aldcorn,F,ialdcornoa@sphinn.com,7629227997,01/15/1998,10/23/2027
876,Rebecka,Patman,F,rpatmanob@usda.gov,1594584225,09/25/2017,06/14/2025
877,Christoffer,Airdrie,M,cairdrieoc@bizjournals.com,1186134309,05/05/2009,05/28/2024
878,Salvador,Collihole,M,scolliholeod@thetimes.co.uk,4372242992,12/05/2004,10/19/2027
879,Shelbi,Mildner,F,smildneroe@livejournal.com,8654300431,06/30/1995,12/21/2025
880,Beilul,Ravenscroftt,F,bravenscrofttof@4shared.com,4204220602,10/01/1985,12/14/2026
881,Gwenny,Twinborne,F,gtwinborneog@tumblr.com,3383683652,08/30/2015,10/11/2023
882,Cristi,Wadham,F,cwadhamoh@illinois.edu,1895351400,12/16/1993,04/26/2025
883,Archer,Billingsley,M,abillingsleyoi@51.la,1862036016,06/27/1994,06/29/2026
884,Nicolette,Jerisch,F,njerischoj@buzzfeed.com,9182978281,06/30/1979,12/04/2026
885,Aland,Basant,M,abasantok@printfriendly.com,8711335563,09/29/1976,04/18/2025
886,Merwyn,Rorke,M,mrorkeol@house.gov,1064929740,10/20/2004,01/15/2028
887,Ros,Loughrey,F,rloughreyom@networksolutions.com,5498356166,07/17/2021,11/19/2025
888,Vivyan,Breckenridge,F,vbreckenridgeon@nasa.gov,7555423488,09/21/1979,05/01/2028
889,Eldon,Farnall,M,efarnalloo@sakura.ne.jp,1019579726,10/31/2005,08/28/2025
890,Shawn,Stollberger,M,sstollbergerop@china.com.cn,3073742341,09/23/1999,07/24/2027
891,Adora,Points,F,apointsoq@uiuc.edu,4975460957,05/12/1992,05/19/2028
892,Barris,Sobtka,M,bsobtkaor@multiply.com,7205364504,11/07/1992,09/07/2028
893,Dean,Stanion,M,dstanionos@taobao.com,4999064065,01/16/1988,12/04/2024
894,Rice,Arias,M,rariasot@nih.gov,2964682765,10/11/1978,10/26/2026
895,Rahel,Poag,F,rpoagou@nyu.edu,8628874533,08/07/2018,10/08/2024
896,Hube,Tullot,M,htullotov@nih.gov,1858955662,07/16/1982,03/17/2025
897,Cornie,Pearsey,M,cpearseyow@hubpages.com,3161504857,06/08/1980,11/24/2025
898,Pippa,Croson,F,pcrosonox@free.fr,7757728995,11/30/2016,05/23/2028
899,Albertine,Barrabeale,F,abarrabealeoy@4shared.com,9454814629,05/30/1983,10/14/2023
900,Connor,Ewer,M,ceweroz@un.org,4147496733,08/09/2001,01/02/2024
901,Darb,Kynder,F,dkynderp0@cafepress.com,8426037813,05/14/1982,11/12/2023
902,Cary,O'Sheilds,F,cosheildsp1@huffingtonpost.com,6424279639,09/25/1987,02/04/2025
903,Constancy,Gue,F,cguep2@printfriendly.com,7321629118,11/19/1998,12/28/2023
904,Lazarus,Friend,M,lfriendp3@wix.com,1395613371,02/24/1979,06/24/2024
905,Codee,Fieldsend,F,cfieldsendp4@hatena.ne.jp,7585078771,11/09/1998,04/08/2026
906,Kyle,Bodycombe,M,kbodycombep5@printfriendly.com,4738944329,06/19/1987,05/10/2026
907,Bernie,Fortnum,F,bfortnump6@mozilla.org,3366795410,09/15/1997,04/25/2024
908,Adelind,Well,F,awellp7@comsenz.com,5135634902,08/08/2007,09/30/2023
909,Bayard,Bickmore,M,bbickmorep8@oakley.com,8132556375,01/01/1997,11/17/2025
910,Maryrose,Dureden,F,mduredenp9@fema.gov,8142830462,07/10/2023,04/03/2026
911,Stormie,Ribou,F,sriboupa@behance.net,7982011442,04/22/2005,05/11/2027
912,Rachael,Ferraron,F,rferraronpb@dyndns.org,2683250610,08/11/2019,04/20/2024
913,Karna,Willmetts,F,kwillmettspc@cdc.gov,7679200509,11/09/2000,08/26/2028
914,Denni,Major,F,dmajorpd@psu.edu,2934564968,12/11/1974,06/07/2028
915,Marguerite,Huddlestone,F,mhuddlestonepe@cmu.edu,5563270123,07/28/2003,02/01/2024
916,Chester,Stuckow,M,cstuckowpf@hugedomains.com,6335350688,07/31/1973,09/22/2027
917,Anne-marie,Carruthers,F,acarrutherspg@skyrock.com,7964639085,08/07/2012,03/12/2028
918,Gabriello,Powles,M,gpowlesph@elpais.com,4593598453,10/26/2021,02/05/2024
919,Christophorus,Switland,M,cswitlandpi@ovh.net,2209641405,06/06/2022,11/06/2024
920,Janina,Collman,F,jcollmanpj@chron.com,1976565637,12/25/1983,03/20/2026
921,Harli,Gwyn,F,hgwynpk@seattletimes.com,8171382091,09/01/1983,04/14/2026
922,Petronille,Richard,F,prichardpl@aol.com,4421474660,08/02/2018,09/27/2024
923,Angela,Garmons,F,agarmonspm@google.nl,4656581,07/31/2018,05/05/2026
924,Rustin,Immins,M,rimminspn@shutterfly.com,7817608488,03/26/1975,11/29/2027
925,Nilson,Besse,M,nbessepo@w3.org,5643129831,06/06/2000,12/16/2026
926,Raynell,Retchford,F,rretchfordpp@baidu.com,3215017132,01/26/1975,07/30/2024
927,Dorolisa,McNeish,F,dmcneishpq@google.com,4398194784,06/27/1985,10/26/2026
928,Jackquelin,Skipsey,F,jskipseypr@wired.com,1404587766,08/25/1985,07/23/2025
929,Ines,Starford,F,istarfordps@yellowbook.com,6826143284,09/11/2013,10/30/2023
930,Salomone,Szwarc,M,sszwarcpt@goo.gl,4908206557,09/16/1998,11/05/2025
931,Aylmar,Gane,M,aganepu@cdc.gov,8804217675,09/23/1974,10/15/2027
932,Thatch,O'Hegertie,M,tohegertiepv@wunderground.com,5755226030,07/21/1978,12/28/2025
933,Ailina,McElory,F,amcelorypw@smh.com.au,4715891746,10/10/2008,03/01/2028
934,Clyde,Klicher,M,cklicherpx@jiathis.com,9902597378,09/17/1978,03/08/2027
935,Gaylene,Sancroft,F,gsancroftpy@bloglovin.com,8259978303,02/12/1992,09/04/2026
936,Sonnie,Poytress,F,spoytresspz@printfriendly.com,6003120105,01/16/1995,01/15/2024
937,Eli,Ellams,M,eellamsq0@hao123.com,3949653164,04/17/2019,10/12/2025
938,Terrel,Wadly,M,twadlyq1@bluehost.com,8451553724,08/16/1990,05/28/2028
939,Teodorico,Duckett,M,tduckettq2@globo.com,4872013534,11/02/2022,06/10/2028
940,Lucina,Dahlback,F,ldahlbackq3@amazon.co.jp,8259566263,05/16/1986,09/26/2028
941,Hailey,Christoffersen,M,hchristoffersenq4@economist.com,2913926637,06/22/2014,01/06/2024
942,Efren,Tremblay,M,etremblayq5@bloglovin.com,2316215508,07/31/1977,11/21/2023
943,Daren,Lidgard,M,dlidgardq6@behance.net,3923449327,09/02/2002,06/02/2027
944,Andrew,Atlee,M,aatleeq7@yahoo.co.jp,1591229923,12/18/2022,03/17/2028
945,Bertie,Vondrys,M,bvondrysq8@telegraph.co.uk,8452785342,11/30/2010,09/23/2028
946,Nelson,Iskowicz,M,niskowiczq9@4shared.com,6758126648,05/18/1994,09/27/2026
947,Corinne,Rodman,F,crodmanqa@youtube.com,1523624580,06/17/1980,05/22/2028
948,Angelico,Galiford,M,agalifordqb@newsvine.com,4124965864,04/02/2002,05/18/2026
949,Ortensia,Clubb,F,oclubbqc@wikispaces.com,7042259597,02/08/1998,01/07/2027
950,Nadeen,Corradengo,F,ncorradengoqd@feedburner.com,9168141789,01/28/2001,05/15/2025
951,Artur,Brignall,M,abrignallqe@uiuc.edu,4679540387,06/03/2002,12/14/2025
952,Stearne,Delooze,M,sdeloozeqf@discovery.com,7516785905,02/17/1973,12/05/2025
953,Nickey,O'Gready,M,nogreadyqg@myspace.com,7386471894,03/08/1984,02/21/2027
954,Ramonda,Peal,F,rpealqh@bloglovin.com,1391450060,10/06/2020,03/23/2026
955,Andrei,Howgego,F,ahowgegoqi@thetimes.co.uk,9804920199,12/16/1978,03/13/2027
956,Ezra,Akess,M,eakessqj@mtv.com,6367393250,02/18/2019,07/05/2028
957,Nico,Goretti,M,ngorettiqk@slate.com,9286447153,06/01/1979,10/31/2024
958,Cheri,Alpe,F,calpeql@elegantthemes.com,9835190217,10/24/1984,08/31/2025
959,Moss,Fancy,M,mfancyqm@drupal.org,7964138985,11/09/1983,12/08/2024
960,Nike,Esson,F,nessonqn@discovery.com,3032300224,05/23/2006,01/02/2028
961,Ferdy,Iacopini,M,fiacopiniqo@miitbeian.gov.cn,5304047168,03/05/1993,01/17/2027
962,Matty,Crichley,F,mcrichleyqp@goodreads.com,4009810689,07/07/1993,01/07/2025
963,Engracia,Helder,F,ehelderqq@amazon.co.uk,8812515864,10/04/1995,05/01/2027
964,Gayler,Eeles,M,geelesqr@posterous.com,3661690474,08/09/2020,04/15/2025
965,Caty,Weiss,F,cweissqs@msn.com,2432724735,03/08/2019,01/06/2028
966,Myer,Malyan,M,mmalyanqt@prnewswire.com,1308091612,12/08/1974,08/31/2024
967,Spense,Matthews,M,smatthewsqu@myspace.com,2389134165,04/10/1975,10/12/2028
968,Tamarah,Moorman,F,tmoormanqv@seesaa.net,8617912622,05/24/2000,10/21/2025
969,Phillipp,Pavolini,M,ppavoliniqw@freewebs.com,5892595829,04/27/2018,06/04/2028
970,Selle,Gooms,F,sgoomsqx@vkontakte.ru,3597549075,01/04/2013,11/20/2026
971,Fifi,Bagge,F,fbaggeqy@dion.ne.jp,3864024172,07/19/1981,12/28/2023
972,Constancy,Sealeaf,F,csealeafqz@shop-pro.jp,6594682748,05/12/1979,10/02/2026
973,Bay,Kopfen,M,bkopfenr0@netscape.com,3529570826,10/19/1997,12/16/2025
974,Cristen,Van Der Weedenburg,F,cvanderweedenburgr1@businesswire.com,8231339881,11/23/2006,08/19/2028
975,Merralee,Wollard,F,mwollardr2@weather.com,8185405161,05/27/1984,08/21/2028
976,Jodie,Mafham,F,jmafhamr3@uol.com.br,4433937613,01/21/1977,04/02/2025
977,Bartlett,Mengo,M,bmengor4@tamu.edu,1601709586,08/28/2003,12/20/2026
978,Arlene,Weatherburn,F,aweatherburnr5@wikipedia.org,9229234099,01/20/1993,07/25/2027
979,Rees,Deabill,M,rdeabillr6@yale.edu,8846173286,10/18/2016,12/23/2027
980,Larine,Wilmore,F,lwilmorer7@de.vu,7172563315,11/02/2010,03/17/2024
981,Dewain,Gettins,M,dgettinsr8@ted.com,1933299641,02/25/2019,08/20/2024
982,Brittaney,Le land,F,blelandr9@dailymotion.com,8154227322,02/08/2013,07/13/2024
983,Arlee,Philps,F,aphilpsra@google.it,8652620862,01/12/2016,10/16/2026
984,Merilee,Dutnell,F,mdutnellrb@barnesandnoble.com,6026478079,01/13/2004,10/04/2025
985,Ethan,Aslin,M,easlinrc@marriott.com,7568977845,01/22/2006,10/21/2027
986,Lannie,Jerrom,M,ljerromrd@wordpress.com,1851045782,04/12/1999,11/24/2026
987,Clay,Lorant,M,clorantre@cisco.com,8713892457,03/19/1978,04/17/2028
988,Des,Brushfield,M,dbrushfieldrf@livejournal.com,9651457506,06/12/2018,11/29/2027
989,Ambur,Streather,F,astreatherrg@printfriendly.com,5207200920,10/07/2009,07/24/2026
990,Sydney,Langstone,M,slangstonerh@reuters.com,5217587989,01/05/2022,02/12/2028
991,Catina,McLay,F,cmclayri@skype.com,9384454095,07/16/2021,02/26/2026
992,Rosalinda,Northage,F,rnorthagerj@ow.ly,5458655273,01/14/2012,04/04/2024
993,Bunny,Pegler,F,bpeglerrk@sun.com,6113254675,09/10/2017,04/20/2028
994,Glynda,Alliott,F,galliottrl@psu.edu,7568017771,12/16/1990,05/17/2026
995,Ignazio,Shaughnessy,M,ishaughnessyrm@g.co,1275653216,08/25/2020,11/21/2027
996,Lester,Rablin,M,lrablinrn@prnewswire.com,8767544710,11/08/2000,06/27/2025
997,Nichole,Hise,M,nhisero@cbsnews.com,1838084021,07/28/1976,03/16/2025
